is_academic,is_urban,is_woman,parent_age,interest,parent_age,parent_salary,house_area,average_grades,parent_was_in_college,is_academic,is_urban,is_A,will_go_to_college
1,1,0,0.6400000000000001,1,0.6400000000000001,0.6611111111111112,0.6300000000000001,0.3952173913043482,0,1,1,1,1
1,1,0,0.6800000000000002,1,0.6800000000000002,0.3788888888888889,0.5680000000000001,0.5178260869565219,0,1,1,1,1
1,1,1,0.3999999999999999,4,0.3999999999999999,0.6111111111111112,0.6059999999999999,0.5404347826086959,0,1,1,0,1
0,0,0,0.3599999999999999,4,0.3599999999999999,0.6222222222222222,0.5820000000000001,0.3095652173913046,1,0,0,0,1
1,1,1,0.6800000000000002,4,0.6800000000000002,0.47222222222222227,0.5509999999999999,0.5126086956521743,0,1,1,1,0
0,0,1,0.31999999999999984,1,0.31999999999999984,0.30777777777777776,0.453,0.5126086956521743,1,0,0,0,0
1,0,0,0.48,4,0.48,0.6311111111111112,0.655,0.6691304347826086,1,1,0,1,1
1,0,0,0.52,4,0.52,0.5433333333333332,0.633,0.4195652173913045,1,1,0,0,0
1,0,1,0.48,2,0.48,0.6366666666666667,0.603,0.5869565217391304,1,1,0,0,1
1,0,1,0.28,4,0.28,0.32,0.48000000000000004,0.45347826086956555,1,1,0,0,0
0,0,0,0.6800000000000002,0,0.6800000000000002,0.52,0.4709999999999999,0.6282608695652177,1,0,0,1,0
0,0,0,0.31999999999999984,2,0.31999999999999984,0.55,0.4070000000000001,0.4330434782608692,1,0,0,0,0
0,0,0,0.28,2,0.28,0.6588888888888889,0.454,0.4882608695652175,1,0,0,0,0
1,0,0,0.52,4,0.52,0.681111111111111,0.685,0.7356521739130435,1,1,0,0,1
1,1,0,0.43999999999999995,4,0.43999999999999995,0.2633333333333333,0.4709999999999999,0.3952173913043482,0,1,1,1,0
0,1,1,0.52,1,0.52,0.6599999999999999,0.301,0.6395652173913042,1,0,1,1,1
1,0,0,0.31999999999999984,4,0.31999999999999984,0.33,0.435,0.49478260869565194,1,1,0,0,0
0,0,1,0.3599999999999999,4,0.3599999999999999,0.6433333333333333,0.5590000000000002,0.4643478260869567,1,0,0,0,0
0,0,1,0.28,1,0.28,0.6866666666666668,0.48299999999999993,0.43043478260869605,0,0,0,1,0
0,0,1,0.28,4,0.28,0.3433333333333333,0.34500000000000003,0.47565217391304326,1,0,0,0,0
0,1,1,0.48,4,0.48,0.6311111111111112,0.445,0.5495652173913044,1,0,1,0,1
1,1,1,0.6400000000000001,3,0.6400000000000001,0.17777777777777776,0.575,0.5,1,1,1,0,0
1,1,1,0.43999999999999995,4,0.43999999999999995,0.32222222222222224,0.37899999999999995,0.35565217391304405,0,1,1,1,0
1,1,1,0.7999999999999998,3,0.7999999999999998,0.3611111111111111,0.38100000000000006,0.390869565217391,0,1,1,0,0
1,1,0,0.56,4,0.56,0.6000000000000001,0.6379999999999999,0.5782608695652174,0,1,1,0,1
0,1,0,0.43999999999999995,0,0.43999999999999995,0.528888888888889,0.5149999999999999,0.3660869565217393,0,0,1,1,1
0,0,0,0.6000000000000001,4,0.6000000000000001,0.43888888888888894,0.746,0.45173913043478287,1,0,0,0,0
0,1,0,0.52,2,0.52,0.4133333333333333,0.585,0.31565217391304357,0,0,1,1,1
0,0,0,0.43999999999999995,0,0.43999999999999995,0.43222222222222223,0.7,0.537391304347826,1,0,0,0,0
0,0,1,0.3999999999999999,2,0.3999999999999999,0.6055555555555556,0.5840000000000001,0.47217391304347833,1,0,0,0,0
0,0,0,0.3599999999999999,4,0.3599999999999999,0.6077777777777778,0.546,0.4921739130434779,1,0,0,1,1
0,1,0,0.56,1,0.56,0.4533333333333333,0.20700000000000002,0.3213043478260871,1,0,1,0,0
1,1,0,0.7999999999999998,4,0.7999999999999998,0.24777777777777776,0.5959999999999999,0.4765217391304346,0,1,1,1,0
1,0,0,0.48,1,0.48,0.5700000000000001,0.5609999999999999,0.33478260869565224,1,1,0,0,0
0,0,1,0.48,4,0.48,0.5222222222222221,0.8280000000000001,0.4482608695652175,1,0,0,1,1
1,1,1,0.52,4,0.52,0.5444444444444445,0.597,0.6069565217391304,0,1,1,1,1
1,1,0,0.6000000000000001,2,0.6000000000000001,0.6233333333333333,0.5609999999999999,0.6447826086956523,0,1,1,1,1
0,0,1,0.31999999999999984,4,0.31999999999999984,0.548888888888889,0.424,0.3769565217391304,1,0,0,1,0
1,1,0,0.56,1,0.56,0.701111111111111,0.34600000000000003,0.3726086956521737,0,1,1,1,0
0,0,1,0.52,0,0.52,0.4066666666666667,0.6020000000000001,0.5100000000000002,1,0,0,0,0
1,1,1,0.3999999999999999,0,0.3999999999999999,0.5144444444444445,0.49900000000000005,0.23913043478260887,0,1,1,1,1
1,1,1,0.52,1,0.52,0.33,0.4559999999999999,0.5865217391304345,1,1,1,0,0
0,1,1,0.52,4,0.52,0.5055555555555555,0.629,0.3799999999999999,1,0,1,0,1
0,0,1,0.48,4,0.48,0.6311111111111112,0.692,0.6239130434782605,1,0,0,1,1
0,1,1,0.3999999999999999,4,0.3999999999999999,0.5077777777777777,0.558,0.37173913043478235,0,0,1,1,1
1,1,0,0.3999999999999999,2,0.3999999999999999,0.18444444444444447,0.4459999999999999,0.21391304347826123,1,1,1,1,0
1,0,1,0.43999999999999995,2,0.43999999999999995,0.4133333333333333,0.37200000000000005,0.4265217391304348,1,1,0,1,0
0,1,0,0.6000000000000001,4,0.6000000000000001,0.4155555555555555,0.7709999999999999,0.6734782608695649,0,0,1,1,1
1,0,1,0.56,2,0.56,0.6955555555555555,0.571,0.6095652173913044,1,1,0,1,1
0,0,0,0.52,2,0.52,0.5077777777777777,0.597,0.5834782608695654,0,0,0,1,0
0,0,0,0.24,4,0.24,0.7177777777777778,0.6970000000000001,0.6860869565217391,1,0,0,1,1
0,1,0,0.6400000000000001,1,0.6400000000000001,0.5677777777777777,0.416,0.5460869565217394,0,0,1,1,1
0,0,1,0.43999999999999995,2,0.43999999999999995,0.5477777777777777,0.5980000000000001,0.7621739130434784,1,0,0,0,1
1,1,1,0.43999999999999995,1,0.43999999999999995,0.31666666666666665,0.37200000000000005,0.40739130434782655,0,1,1,0,0
0,0,0,0.43999999999999995,2,0.43999999999999995,0.6155555555555556,0.671,0.5734782608695652,1,0,0,0,0
0,1,0,0.6000000000000001,4,0.6000000000000001,0.43111111111111106,0.6819999999999999,0.7847826086956524,0,0,1,1,1
0,0,0,0.6000000000000001,2,0.6000000000000001,0.3988888888888889,0.55,0.827391304347826,1,0,0,1,1
0,0,0,0.28,2,0.28,0.5988888888888888,0.5029999999999999,0.4021739130434785,1,0,0,1,0
1,1,1,0.24,3,0.24,0.7344444444444445,0.39799999999999996,0.35521739130434815,0,1,1,1,0
1,1,0,0.6000000000000001,4,0.6000000000000001,0.30666666666666664,0.671,0.7021739130434788,1,1,1,1,1
1,0,1,0.3599999999999999,0,0.3599999999999999,0.5800000000000001,0.6399999999999999,0.3252173913043479,1,1,0,1,1
1,0,0,0.3599999999999999,1,0.3599999999999999,0.5788888888888888,0.623,0.37913043478260855,0,1,0,0,0
0,1,0,0.43999999999999995,0,0.43999999999999995,0.4222222222222222,0.462,0.18130434782608695,0,0,1,1,1
0,0,1,0.31999999999999984,4,0.31999999999999984,0.5377777777777777,0.597,0.4569565217391309,1,0,0,1,0
1,1,0,0.6000000000000001,3,0.6000000000000001,0.5122222222222221,0.6240000000000001,0.32565217391304335,0,1,1,1,0
0,1,0,0.56,1,0.56,0.5133333333333334,0.48599999999999993,0.4782608695652173,0,0,1,1,1
0,0,0,0.48,2,0.48,0.5888888888888888,0.5780000000000001,0.5100000000000002,1,0,0,0,0
1,1,0,0.48,4,0.48,0.4155555555555555,0.309,0.425217391304348,0,1,1,1,0
0,0,0,0.43999999999999995,0,0.43999999999999995,0.5244444444444445,0.641,0.5169565217391305,1,0,0,1,1
0,0,1,0.52,4,0.52,0.5777777777777777,0.6120000000000001,0.6169565217391302,1,0,0,1,1
1,1,1,0.52,4,0.52,0.5077777777777777,0.7350000000000001,0.6052173913043482,0,1,1,1,1
0,0,0,0.3599999999999999,2,0.3599999999999999,0.6333333333333333,0.589,0.5452173913043481,1,0,0,0,0
1,0,1,0.28,4,0.28,0.34444444444444444,0.40599999999999997,0.3582608695652172,1,1,0,0,0
1,1,1,0.6800000000000002,1,0.6800000000000002,0.24444444444444446,0.548,0.43173913043478285,0,1,1,1,0
0,0,0,0.56,0,0.56,0.73,0.546,0.8073913043478256,1,0,0,0,1
0,1,1,0.6000000000000001,3,0.6000000000000001,0.35555555555555557,0.312,0.39217391304347826,0,0,1,0,0
1,1,0,0.6800000000000002,2,0.6800000000000002,0.3888888888888889,0.307,0.241304347826087,0,1,1,0,1
0,0,0,0.56,4,0.56,0.5277777777777777,0.7409999999999999,0.60304347826087,0,0,0,1,1
1,0,0,0.3999999999999999,2,0.3999999999999999,0.8211111111111111,0.6140000000000001,0.6178260869565215,1,1,0,0,1
1,1,0,0.48,4,0.48,0.6166666666666667,0.5940000000000001,0.7030434782608697,0,1,1,1,1
1,1,1,0.56,4,0.56,0.41444444444444445,0.6840000000000002,0.32695652173913015,0,1,1,0,0
0,0,0,0.3999999999999999,2,0.3999999999999999,0.5044444444444445,0.6679999999999999,0.47304347826086923,1,0,0,0,0
1,1,0,0.7199999999999998,1,0.7199999999999998,0.4477777777777778,0.49900000000000005,0.3213043478260871,0,1,1,0,1
0,1,0,0.48,2,0.48,0.5466666666666666,0.56,0.48695652173913073,0,0,1,1,1
1,1,1,0.6400000000000001,3,0.6400000000000001,0.3322222222222222,0.41,0.4121739130434787,0,1,1,1,0
0,1,1,0.6400000000000001,3,0.6400000000000001,0.47555555555555556,0.36000000000000004,0.5817391304347823,0,0,1,0,0
0,1,0,0.6000000000000001,1,0.6000000000000001,0.5655555555555556,0.5529999999999999,0.6221739130434782,1,0,1,1,1
0,1,0,0.43999999999999995,1,0.43999999999999995,0.671111111111111,0.37600000000000006,0.5378260869565219,1,0,1,1,1
0,1,1,0.48,4,0.48,0.4911111111111111,0.6340000000000001,0.3539130434782609,0,0,1,1,1
0,1,0,0.52,4,0.52,0.5011111111111111,0.5640000000000001,0.37826086956521765,0,0,1,1,1
1,1,1,0.6000000000000001,1,0.6000000000000001,0.4155555555555555,0.45,0.5460869565217394,0,1,1,1,0
0,1,0,0.56,3,0.56,0.24888888888888888,0.34500000000000003,0.2913043478260873,0,0,1,0,0
0,1,0,0.7999999999999998,3,0.7999999999999998,0.6277777777777778,0.7670000000000001,0.7721739130434782,0,0,1,1,1
1,1,0,0.48,1,0.48,0.3411111111111111,0.37999999999999995,0.43826086956521726,1,1,1,0,0
0,0,0,0.040000000000000036,4,0.040000000000000036,0.901111111111111,0.5920000000000001,0.7260869565217392,1,0,0,0,1
1,0,1,0.3599999999999999,4,0.3599999999999999,0.72,0.641,0.5391304347826091,1,1,0,0,1
0,0,0,0.31999999999999984,2,0.31999999999999984,0.5266666666666666,0.452,0.3600000000000003,0,0,0,1,0
0,1,1,0.56,4,0.56,0.5577777777777777,0.643,0.5291304347826089,1,0,1,1,1
1,0,1,0.43999999999999995,4,0.43999999999999995,0.6066666666666667,0.6719999999999999,0.42391304347826075,1,1,0,0,1
0,0,0,0.48,2,0.48,0.5122222222222221,0.8420000000000001,0.37956521739130444,0,0,0,1,1
1,1,1,0.48,2,0.48,0.27999999999999997,0.49200000000000005,0.3234782608695652,0,1,1,1,0
1,1,0,0.6000000000000001,4,0.6000000000000001,0.23333333333333334,0.625,0.39347826086956506,0,1,1,1,0
0,0,0,0.48,2,0.48,0.5077777777777777,0.7690000000000001,0.4700000000000002,0,0,0,1,1
1,0,1,0.43999999999999995,1,0.43999999999999995,0.45,0.5469999999999999,0.4034782608695653,0,1,0,1,0
1,1,1,0.48,4,0.48,0.49222222222222217,0.615,0.6756521739130439,0,1,1,1,1
0,0,1,0.52,2,0.52,0.41777777777777775,0.6279999999999999,0.4682608695652175,1,0,0,1,0
0,0,1,0.3599999999999999,4,0.3599999999999999,0.5966666666666667,0.7790000000000001,0.4508695652173915,1,0,0,1,1
1,0,0,0.56,4,0.56,0.5377777777777777,0.667,0.5730434782608698,1,1,0,0,1
1,1,0,0.7599999999999998,1,0.7599999999999998,0.37444444444444447,0.534,0.3917391304347828,0,1,1,1,0
1,1,0,0.6800000000000002,3,0.6800000000000002,0.5655555555555556,0.14,0.3695652173913042,0,1,1,1,0
0,0,0,0.43999999999999995,2,0.43999999999999995,0.4666666666666666,0.5469999999999999,0.5052173913043481,1,0,0,1,0
1,1,1,0.48,1,0.48,0.2177777777777778,0.5940000000000001,0.5213043478260868,1,1,1,0,0
1,0,0,0.48,1,0.48,0.7955555555555556,0.5590000000000002,0.8065217391304347,1,1,0,0,1
0,1,1,0.48,3,0.48,0.39333333333333337,0.259,0.433913043478261,1,0,1,0,0
1,0,1,0.3599999999999999,4,0.3599999999999999,0.7544444444444445,0.6020000000000001,0.5447826086956522,1,1,0,0,1
0,0,0,0.11999999999999988,1,0.11999999999999988,0.7233333333333334,0.40499999999999997,0.4191304347826086,0,0,0,1,0
0,0,0,0.3999999999999999,2,0.3999999999999999,0.558888888888889,0.5590000000000002,0.4930434782608697,0,0,0,1,0
1,0,0,0.52,4,0.52,0.3622222222222222,0.562,0.6326086956521739,0,1,0,1,0
0,1,1,0.7999999999999998,1,0.7999999999999998,0.4133333333333333,0.5759999999999998,0.3747826086956523,0,0,1,0,1
0,0,0,0.6000000000000001,0,0.6000000000000001,0.21333333333333332,0.625,0.45347826086956555,1,0,0,0,0
0,1,1,0.3599999999999999,3,0.3599999999999999,0.35,0.261,0.3004347826086957,1,0,1,0,0
1,0,0,0.31999999999999984,2,0.31999999999999984,0.7444444444444445,0.47000000000000003,0.5800000000000001,1,1,0,0,1
1,0,1,0.48,4,0.48,0.6344444444444444,0.5780000000000001,0.5726086956521739,1,1,0,0,1
0,0,1,0.24,0,0.24,0.6277777777777778,0.577,0.37913043478260855,1,0,0,0,1
1,1,1,0.6400000000000001,1,0.6400000000000001,0.6655555555555555,0.47500000000000003,0.640869565217391,1,1,1,0,1
1,1,1,0.56,1,0.56,0.47000000000000003,0.298,0.31826086956521715,0,1,1,1,0
1,0,0,0.24,0,0.24,0.6888888888888889,0.56,0.7821739130434779,1,1,0,0,1
1,1,0,0.3999999999999999,1,0.3999999999999999,0.27,0.39100000000000007,0.3956521739130432,0,1,1,0,0
0,0,0,0.3999999999999999,0,0.3999999999999999,0.42777777777777776,0.516,0.8056521739130438,1,0,0,0,1
1,1,0,0.52,1,0.52,0.2788888888888889,0.5049999999999999,0.4473913043478266,1,1,1,0,0
0,0,1,0.6000000000000001,4,0.6000000000000001,0.5166666666666666,0.53,0.4265217391304348,0,0,0,0,0
1,0,1,0.24,2,0.24,0.19777777777777777,0.42,0.1747826086956521,1,1,0,1,0
0,0,0,0.52,2,0.52,0.5977777777777777,0.696,0.5730434782608698,1,0,0,0,1
0,0,0,0.3999999999999999,3,0.3999999999999999,0.45222222222222225,0.293,0.46608695652173937,1,0,0,0,0
1,0,1,0.3999999999999999,2,0.3999999999999999,0.3788888888888889,0.706,0.9373913043478264,1,1,0,0,1
0,0,0,0.3599999999999999,2,0.3599999999999999,0.35444444444444445,0.6719999999999999,0.37130434782608734,1,0,0,0,0
1,1,1,0.52,4,0.52,0.4366666666666667,0.6910000000000001,0.7426086956521742,1,1,1,0,1
1,1,1,0.3599999999999999,4,0.3599999999999999,0.34444444444444444,0.38399999999999995,0.35478260869565226,0,1,1,1,0
1,1,1,0.52,1,0.52,0.38999999999999996,0.326,0.2986956521739135,0,1,1,1,0
1,1,0,0.52,3,0.52,0.2577777777777778,0.434,0.3747826086956523,0,1,1,1,0
0,0,0,0.56,4,0.56,0.5433333333333332,0.6559999999999999,0.5891304347826085,0,0,0,1,1
1,1,1,0.7199999999999998,3,0.7199999999999998,0.43888888888888894,0.304,0.37043478260869556,0,1,1,1,0
0,0,0,0.31999999999999984,1,0.31999999999999984,0.7911111111111111,0.48799999999999993,0.3239130434782611,0,0,0,1,0
1,0,1,0.28,2,0.28,0.5955555555555556,0.645,0.31434782608695677,1,1,0,1,1
0,0,1,0.52,2,0.52,0.33111111111111113,0.605,0.39695652173913043,1,0,0,0,0
1,0,0,0.3999999999999999,4,0.3999999999999999,0.6066666666666667,0.593,0.4991304347826091,1,1,0,0,1
0,0,1,0.3599999999999999,2,0.3599999999999999,0.5233333333333334,0.5429999999999999,0.3052173913043479,1,0,0,1,1
1,1,1,0.6400000000000001,1,0.6400000000000001,0.518888888888889,0.5529999999999999,0.37869565217391266,0,1,1,0,0
0,0,1,0.07999999999999985,2,0.07999999999999985,0.7866666666666666,0.6300000000000001,0.6256521739130436,1,0,0,0,1
1,1,1,0.3599999999999999,1,0.3599999999999999,0.4266666666666667,0.34900000000000003,0.4700000000000002,1,1,1,0,0
1,0,1,0.31999999999999984,2,0.31999999999999984,0.4466666666666667,0.6799999999999999,0.7595652173913048,1,1,0,0,1
0,0,1,0.24,2,0.24,0.6755555555555555,0.26299999999999996,0.4056521739130434,1,0,0,0,1
1,1,1,0.7199999999999998,4,0.7199999999999998,0.4877777777777778,0.5490000000000002,0.5182608695652173,0,1,1,0,1
1,0,1,0.48,2,0.48,0.43222222222222223,0.891,0.24565217391304373,1,1,0,0,1
0,0,0,0.6000000000000001,2,0.6000000000000001,0.29,0.5900000000000001,0.35304347826087,1,0,0,0,0
0,0,1,0.3599999999999999,4,0.3599999999999999,0.6388888888888888,0.5740000000000001,0.49478260869565194,1,0,0,1,1
0,1,0,0.6400000000000001,2,0.6400000000000001,0.33,0.647,0.4995652173913041,0,0,1,1,0
0,0,1,0.48,2,0.48,0.35,0.583,0.41260869565217373,1,0,0,0,0
1,1,1,0.6000000000000001,1,0.6000000000000001,0.6622222222222223,0.585,0.3843478260869566,0,1,1,1,0
0,1,1,0.56,3,0.56,0.29777777777777775,0.317,0.43869565217391315,1,0,1,0,0
0,0,0,0.56,2,0.56,0.40444444444444444,0.643,0.7739130434782608,1,0,0,0,1
1,1,0,0.48,4,0.48,0.6388888888888888,0.7009999999999998,0.4882608695652175,0,1,1,0,1
1,1,0,0.56,1,0.56,0.29444444444444445,0.5640000000000001,0.5256521739130435,0,1,1,1,0
1,1,1,0.6400000000000001,4,0.6400000000000001,0.3,0.5270000000000001,0.4408695652173913,0,1,1,1,0
1,0,0,0.3599999999999999,0,0.3599999999999999,0.73,0.423,0.6500000000000004,1,1,0,0,1
1,1,0,0.52,2,0.52,0.5733333333333333,0.6079999999999999,0.7026086956521738,1,1,1,0,1
0,0,1,0.56,2,0.56,0.4266666666666667,0.6459999999999999,0.4847826086956526,1,0,0,0,0
1,1,1,0.7599999999999998,4,0.7599999999999998,0.2122222222222222,0.5959999999999999,0.44521739130434757,0,1,1,1,0
0,0,1,0.3599999999999999,1,0.3599999999999999,0.5466666666666666,0.802,0.3886956521739129,1,0,0,1,1
1,1,1,0.3999999999999999,1,0.3999999999999999,0.26222222222222225,0.435,0.433913043478261,1,1,1,0,0
0,1,0,0.6000000000000001,2,0.6000000000000001,0.5122222222222221,0.45,0.5752173913043479,0,0,1,1,1
1,0,1,0.3999999999999999,0,0.3999999999999999,0.81,0.47400000000000003,0.6156521739130434,1,1,0,0,1
1,1,0,0.7999999999999998,4,0.7999999999999998,0.09222222222222223,0.5590000000000002,0.2691304347826087,0,1,1,1,0
0,0,0,0.3999999999999999,1,0.3999999999999999,0.6311111111111112,0.679,0.502608695652174,1,0,0,0,1
1,1,0,0.52,1,0.52,0.35333333333333333,0.49299999999999994,0.25913043478260844,0,1,1,1,0
1,0,0,0.3599999999999999,4,0.3599999999999999,0.30777777777777776,0.467,0.47521739130434826,1,1,0,0,0
0,0,0,0.48,4,0.48,0.5711111111111111,0.663,0.5339130434782611,0,0,0,1,1
1,0,1,0.48,2,0.48,0.48222222222222216,0.6520000000000001,0.8739130434782605,1,1,0,0,1
1,1,1,0.43999999999999995,1,0.43999999999999995,0.4133333333333333,0.845,0.5321739130434779,0,1,1,1,1
0,0,0,0.48,2,0.48,0.5244444444444445,0.35000000000000003,0.4482608695652175,1,0,0,1,0
1,1,1,0.52,1,0.52,0.47888888888888886,0.5229999999999999,0.26260869565217426,0,1,1,1,0
1,1,0,0.43999999999999995,4,0.43999999999999995,0.7144444444444444,0.5429999999999999,0.6017391304347828,0,1,1,1,1
0,0,0,0.6000000000000001,2,0.6000000000000001,0.4255555555555555,0.633,0.534782608695652,1,0,0,0,0
1,0,1,0.3999999999999999,2,0.3999999999999999,0.5211111111111111,0.552,0.7160869565217389,1,1,0,0,1
1,0,1,0.15999999999999992,1,0.15999999999999992,0.49000000000000005,0.16600000000000004,0.3686956521739133,0,1,0,1,0
0,0,1,0.56,2,0.56,0.4988888888888889,0.613,0.7073913043478259,1,0,0,0,1
0,1,0,0.6000000000000001,0,0.6000000000000001,0.29555555555555557,0.575,0.15608695652173932,0,0,1,1,1
1,1,1,0.52,1,0.52,0.4566666666666666,0.48200000000000004,0.33347826086956545,0,1,1,1,0
0,1,0,0.52,4,0.52,0.5211111111111111,0.464,0.5013043478260872,1,0,1,0,1
1,0,1,0.56,4,0.56,0.5733333333333333,1.0,0.6078260869565222,1,1,0,0,1
1,0,1,0.56,1,0.56,0.39444444444444443,0.458,0.4334782608695651,1,1,0,0,0
0,0,1,0.28,2,0.28,0.5700000000000001,0.615,0.42956521739130427,1,0,0,0,0
0,0,0,0.48,2,0.48,0.5133333333333334,0.5490000000000002,0.4413043478260872,0,0,0,1,0
1,1,0,0.6000000000000001,4,0.6000000000000001,0.47222222222222227,0.607,0.38652173913043475,0,1,1,0,0
0,0,1,0.56,2,0.56,0.3,0.796,0.3695652173913042,1,0,0,0,0
1,1,0,0.6000000000000001,3,0.6000000000000001,0.4577777777777778,0.29700000000000004,0.4665217391304348,0,1,1,1,0
0,0,0,0.28,4,0.28,0.5777777777777777,0.5529999999999999,0.3195652173913044,1,0,0,1,1
0,0,1,0.52,0,0.52,0.3711111111111111,0.675,0.45913043478260906,1,0,0,0,0
1,0,0,0.6000000000000001,2,0.6000000000000001,0.5033333333333334,0.925,0.5873913043478263,1,1,0,0,1
1,1,0,0.52,3,0.52,0.34444444444444444,0.34,0.43043478260869605,0,1,1,0,0
0,1,0,0.6400000000000001,2,0.6400000000000001,0.508888888888889,0.452,0.4765217391304346,0,0,1,1,1
1,1,1,0.7199999999999998,1,0.7199999999999998,0.4855555555555556,0.5229999999999999,0.425217391304348,0,1,1,1,0
1,0,1,0.56,4,0.56,0.5322222222222222,0.7490000000000001,0.5043478260869563,1,1,0,0,1
1,1,0,0.6400000000000001,3,0.6400000000000001,0.47555555555555556,0.4559999999999999,0.606086956521739,0,1,1,1,0
1,1,0,0.43999999999999995,4,0.43999999999999995,0.38222222222222224,0.39299999999999996,0.4108695652173915,0,1,1,1,0
1,1,0,0.56,2,0.56,0.43777777777777777,0.8009999999999999,0.37043478260869556,0,1,1,1,1
1,1,0,0.7599999999999998,1,0.7599999999999998,0.3022222222222222,0.4070000000000001,0.4104347826086956,0,1,1,1,0
0,0,1,0.24,4,0.24,0.5466666666666666,0.7030000000000001,0.30347826086956564,1,0,0,0,0
1,1,0,0.52,4,0.52,0.4266666666666667,0.677,0.6100000000000003,0,1,1,1,1
0,0,1,0.3999999999999999,4,0.3999999999999999,0.49666666666666665,0.47200000000000003,0.2565217391304353,0,0,0,1,0
0,0,0,0.31999999999999984,1,0.31999999999999984,0.7377777777777779,0.442,0.5186956521739132,1,0,0,0,1
0,0,0,0.3599999999999999,2,0.3599999999999999,0.5344444444444445,0.6950000000000001,0.5513043478260875,1,0,0,0,0
0,0,0,0.31999999999999984,2,0.31999999999999984,0.5866666666666667,0.524,0.4413043478260872,1,0,0,0,0
0,1,1,0.56,4,0.56,0.5566666666666666,0.601,0.5386956521739132,0,0,1,1,1
0,1,1,0.6400000000000001,2,0.6400000000000001,0.3611111111111111,0.5590000000000002,0.40652173913043477,0,0,1,1,0
1,1,1,0.48,4,0.48,0.48000000000000004,0.457,0.45173913043478287,0,1,1,1,1
1,1,0,0.56,1,0.56,0.6955555555555555,0.728,0.6117391304347826,0,1,1,1,1
1,1,0,0.43999999999999995,4,0.43999999999999995,0.44111111111111106,0.6779999999999999,0.6265217391304345,1,1,1,0,1
0,0,1,0.3999999999999999,0,0.3999999999999999,0.22333333333333333,0.567,0.34478260869565247,1,0,0,0,0
1,1,1,0.48,4,0.48,0.78,0.48500000000000004,0.3756521739130436,0,1,1,1,1
1,1,1,0.96,2,0.96,0.31777777777777777,0.661,0.4469565217391307,0,1,1,0,1
1,1,1,0.48,4,0.48,0.5533333333333332,0.52,0.5504347826086957,0,1,1,1,1
1,1,0,0.6800000000000002,4,0.6800000000000002,0.6155555555555556,0.40099999999999997,0.45999999999999996,0,1,1,1,0
0,1,1,0.3999999999999999,2,0.3999999999999999,0.7277777777777779,0.556,0.6256521739130436,0,0,1,0,1
0,1,1,0.52,2,0.52,0.37,0.433,0.6995652173913047,0,0,1,1,1
1,1,0,0.43999999999999995,2,0.43999999999999995,0.3522222222222222,0.6379999999999999,0.6939130434782608,1,1,1,0,1
1,1,1,0.52,2,0.52,0.5255555555555556,0.665,0.3843478260869566,1,1,1,0,1
1,1,0,0.31999999999999984,2,0.31999999999999984,0.5655555555555556,0.48700000000000004,0.6882608695652173,1,1,1,0,1
1,0,1,0.52,4,0.52,0.5711111111111111,0.597,0.7721739130434782,1,1,0,0,1
0,0,0,0.43999999999999995,2,0.43999999999999995,0.56,0.5190000000000001,0.5973913043478261,1,0,0,1,1
0,1,1,0.56,2,0.56,0.6199999999999999,0.462,0.5886956521739135,1,0,1,0,1
0,1,0,0.52,0,0.52,0.46555555555555556,0.39899999999999997,0.7691304347826082,1,0,1,0,1
1,1,0,0.52,2,0.52,0.5722222222222222,0.639,0.6965217391304348,1,1,1,0,1
1,0,0,0.43999999999999995,2,0.43999999999999995,0.2788888888888889,0.583,0.38695652173913064,1,1,0,1,0
1,1,1,0.48,2,0.48,0.7866666666666666,0.4779999999999999,0.5386956521739132,0,1,1,0,1
0,1,0,0.7199999999999998,2,0.7199999999999998,0.39333333333333337,0.436,0.41869565217391314,0,0,1,0,0
1,1,0,0.6400000000000001,1,0.6400000000000001,0.3955555555555556,0.4409999999999999,0.5569565217391306,0,1,1,0,0
0,0,1,0.48,0,0.48,0.8222222222222222,0.5609999999999999,0.718695652173913,1,0,0,0,1
1,0,1,0.48,4,0.48,0.7733333333333334,0.6819999999999999,0.7978260869565212,1,1,0,0,1
1,1,0,0.6800000000000002,1,0.6800000000000002,0.3144444444444444,0.6930000000000001,0.43130434782608695,0,1,1,1,1
0,1,1,0.6000000000000001,1,0.6000000000000001,0.4566666666666666,0.7929999999999999,0.48260869565217357,0,0,1,1,1
0,1,0,0.48,3,0.48,0.47000000000000003,0.134,0.26652173913043464,0,0,1,1,0
0,0,1,0.3999999999999999,2,0.3999999999999999,0.5877777777777777,0.7130000000000001,0.5443478260869563,1,0,0,0,0
1,0,1,0.43999999999999995,1,0.43999999999999995,0.48333333333333334,0.27399999999999997,0.3308695652173914,1,1,0,1,0
1,1,1,0.56,4,0.56,0.6188888888888888,0.633,0.6269565217391304,0,1,1,0,1
0,1,0,0.52,4,0.52,0.6011111111111112,0.548,0.4630434782608699,0,0,1,1,1
1,0,1,0.31999999999999984,2,0.31999999999999984,0.6388888888888888,0.71,0.4352173913043482,1,1,0,0,1
1,1,0,0.48,2,0.48,0.5777777777777777,0.4779999999999999,0.5965217391304347,1,1,1,0,1
1,0,0,0.3999999999999999,2,0.3999999999999999,0.20111111111111113,0.605,0.4617391304347831,1,1,0,0,0
0,1,0,0.6400000000000001,1,0.6400000000000001,0.5055555555555555,0.7130000000000001,0.47913043478260864,0,0,1,0,1
0,1,1,0.8399999999999999,1,0.8399999999999999,0.35888888888888887,0.615,0.40826086956521745,0,0,1,1,1
0,1,0,0.3999999999999999,3,0.3999999999999999,0.3511111111111111,0.275,0.29565217391304355,1,0,1,0,0
1,0,0,0.3999999999999999,2,0.3999999999999999,0.7644444444444445,0.73,0.9173913043478259,1,1,0,0,1
1,1,1,0.6400000000000001,4,0.6400000000000001,0.5633333333333332,0.5129999999999999,0.5156521739130437,0,1,1,0,1
1,0,0,0.3599999999999999,0,0.3599999999999999,0.17777777777777776,0.808,0.6026086956521741,1,1,0,1,0
1,1,1,0.24,1,0.24,0.19222222222222224,0.424,0.3513043478260869,1,1,1,0,0
1,1,0,0.48,3,0.48,0.43555555555555553,0.21799999999999997,0.28869565217391324,0,1,1,1,0
0,0,1,0.56,1,0.56,0.5733333333333333,0.835,0.6047826086956523,1,0,0,0,1
0,0,1,0.11999999999999988,2,0.11999999999999988,0.6766666666666667,0.39499999999999996,0.39956521739130446,1,0,0,1,0
1,1,0,0.56,4,0.56,0.5622222222222222,0.663,0.5021739130434781,1,1,1,0,1
0,1,0,0.7199999999999998,4,0.7199999999999998,0.3788888888888889,0.607,0.453913043478261,0,0,1,1,1
1,1,0,0.52,1,0.52,0.26,0.661,0.6526086956521744,0,1,1,1,1
0,0,0,0.31999999999999984,2,0.31999999999999984,0.47555555555555556,0.5880000000000001,0.3147826086956522,1,0,0,0,0
0,1,1,0.3999999999999999,3,0.3999999999999999,0.52,0.003999999999999976,0.2421739130434779,1,0,1,0,0
1,1,0,0.52,1,0.52,0.5711111111111111,0.562,0.4056521739130434,0,1,1,0,0
1,1,1,0.3999999999999999,2,0.3999999999999999,0.1288888888888889,0.5840000000000001,0.35521739130434815,1,1,1,0,0
1,1,0,0.6800000000000002,1,0.6800000000000002,0.22666666666666668,0.5229999999999999,0.4256521739130439,0,1,1,1,0
1,0,1,0.3599999999999999,0,0.3599999999999999,0.5933333333333333,0.573,0.7686956521739137,1,1,0,0,1
0,1,0,0.56,4,0.56,0.5011111111111111,0.38200000000000006,0.43000000000000016,0,0,1,1,1
0,0,0,0.3599999999999999,2,0.3599999999999999,0.6311111111111112,0.593,0.5508695652173916,1,0,0,1,1
1,0,0,0.28,2,0.28,0.22666666666666668,0.653,0.47521739130434826,1,1,0,1,0
1,1,1,0.48,2,0.48,0.44888888888888884,0.455,0.5813043478260873,1,1,1,1,1
1,0,1,0.31999999999999984,2,0.31999999999999984,0.6344444444444444,0.7070000000000001,0.46869565217391296,1,1,0,0,1
1,1,1,0.56,3,0.56,0.4855555555555556,0.18,0.33478260869565224,0,1,1,1,0
1,0,0,0.48,2,0.48,0.4511111111111111,0.673,0.8213043478260871,1,1,0,0,1
1,0,1,0.24,4,0.24,0.3088888888888889,0.48599999999999993,0.6143478260869566,1,1,0,0,0
1,0,1,0.3999999999999999,2,0.3999999999999999,0.6922222222222223,0.738,0.6317391304347826,1,1,0,0,1
0,1,1,0.52,1,0.52,0.5788888888888888,0.643,0.47565217391304326,1,0,1,0,1
1,0,1,0.3599999999999999,4,0.3599999999999999,0.7666666666666666,0.558,0.681304347826087,1,1,0,0,1
1,1,1,0.6400000000000001,1,0.6400000000000001,0.3466666666666667,0.47000000000000003,0.5043478260869563,0,1,1,1,0
0,0,1,0.48,2,0.48,0.54,0.48900000000000005,0.6104347826086958,1,0,0,1,1
1,0,1,0.43999999999999995,1,0.43999999999999995,0.41777777777777775,0.671,0.31999999999999984,0,1,0,1,0
1,1,0,0.6800000000000002,1,0.6800000000000002,0.21555555555555556,0.597,0.3291304347826083,0,1,1,1,0
1,1,0,0.3999999999999999,1,0.3999999999999999,0.24777777777777776,0.448,0.47913043478260864,1,1,1,0,0
1,1,0,0.3999999999999999,4,0.3999999999999999,0.6377777777777778,0.512,0.5495652173913044,0,1,1,0,1
1,0,0,0.52,1,0.52,0.52,0.613,0.4021739130434785,0,1,0,1,0
1,1,0,0.6000000000000001,1,0.6000000000000001,0.07333333333333333,0.7209999999999999,0.5765217391304351,0,1,1,0,0
1,1,1,0.56,1,0.56,0.24555555555555558,0.8690000000000002,0.776086956521739,0,1,1,0,1
1,0,0,0.48,1,0.48,0.5244444444444445,0.617,0.38608695652173886,0,1,0,1,0
1,0,0,0.48,4,0.48,0.6355555555555557,0.698,0.5991304347826087,1,1,0,0,1
1,1,1,0.7199999999999998,2,0.7199999999999998,0.4511111111111111,0.421,0.6021739130434782,0,1,1,1,0
1,1,1,0.48,1,0.48,0.2577777777777778,0.4459999999999999,0.31869565217391305,0,1,1,1,0
1,1,0,0.7999999999999998,3,0.7999999999999998,0.2822222222222222,0.447,0.34913043478260875,0,1,1,0,0
0,1,0,0.48,3,0.48,0.4766666666666666,0.21700000000000003,0.49478260869565194,0,0,1,0,0
1,0,0,0.3599999999999999,4,0.3599999999999999,0.7455555555555555,0.7230000000000001,0.6695652173913045,1,1,0,0,1
0,1,0,0.6000000000000001,2,0.6000000000000001,0.41444444444444445,0.49500000000000005,0.3843478260869566,0,0,1,0,0
0,0,1,0.3999999999999999,2,0.3999999999999999,0.6255555555555556,0.7849999999999999,0.6208695652173915,1,0,0,1,1
0,1,0,0.43999999999999995,3,0.43999999999999995,0.33555555555555555,0.428,0.569565217391304,1,0,1,0,0
0,0,1,0.15999999999999992,1,0.15999999999999992,0.8188888888888888,0.453,0.37130434782608734,0,0,0,1,0
1,0,1,0.52,2,0.52,0.5177777777777777,0.5690000000000002,0.6508695652173913,0,1,0,1,1
1,0,0,0.43999999999999995,4,0.43999999999999995,0.4955555555555556,0.6059999999999999,0.44478260869565256,0,1,0,1,0
1,1,0,0.56,3,0.56,0.518888888888889,0.454,0.2939130434782613,0,1,1,1,0
1,1,1,0.24,1,0.24,0.44222222222222224,0.27799999999999997,0.42260869565217396,0,1,1,1,0
1,0,0,0.3599999999999999,2,0.3599999999999999,0.6566666666666667,0.6459999999999999,0.7121739130434781,1,1,0,0,1
1,1,1,0.43999999999999995,2,0.43999999999999995,0.5055555555555555,0.48200000000000004,0.5482608695652176,0,1,1,1,1
0,0,1,0.3599999999999999,0,0.3599999999999999,0.5022222222222221,0.453,0.5469565217391303,1,0,0,0,1
1,0,0,0.31999999999999984,2,0.31999999999999984,0.701111111111111,0.855,0.5504347826086957,1,1,0,0,1
1,0,1,0.52,2,0.52,0.4877777777777778,0.271,0.2608695652173916,1,1,0,1,0
1,0,0,0.28,4,0.28,0.5377777777777777,0.702,0.49391304347826104,1,1,0,1,0
0,0,1,0.6000000000000001,0,0.6000000000000001,0.3833333333333333,0.5740000000000001,0.43173913043478285,1,0,0,0,0
1,0,1,0.31999999999999984,4,0.31999999999999984,0.27111111111111114,0.38299999999999995,0.3943478260869564,1,1,0,0,0
1,1,1,0.52,4,0.52,0.25666666666666665,0.4659999999999999,0.3539130434782609,0,1,1,1,0
0,0,1,0.52,0,0.52,0.34555555555555556,0.532,0.465217391304348,1,0,0,0,0
1,1,1,0.6400000000000001,4,0.6400000000000001,0.2644444444444444,0.49099999999999994,0.39391304347826095,0,1,1,1,0
0,1,0,0.56,1,0.56,0.6144444444444443,0.4659999999999999,0.6173913043478261,0,0,1,1,1
1,1,0,0.56,4,0.56,0.3466666666666667,0.6079999999999999,0.7421739130434779,0,1,1,0,1
0,0,0,0.43999999999999995,4,0.43999999999999995,0.47888888888888886,0.5090000000000001,0.3660869565217393,1,0,0,0,0
1,1,0,0.6000000000000001,1,0.6000000000000001,0.43111111111111106,0.7509999999999999,0.672608695652174,0,1,1,1,1
1,1,1,0.6000000000000001,1,0.6000000000000001,0.5311111111111111,0.651,0.473913043478261,1,1,1,0,1
0,1,1,0.28,3,0.28,0.6011111111111112,0.0,0.28086956521739115,0,0,1,1,0
0,1,0,0.7599999999999998,4,0.7599999999999998,0.3111111111111111,0.4659999999999999,0.3469565217391306,0,0,1,1,0
1,1,0,0.7999999999999998,3,0.7999999999999998,0.31777777777777777,0.5049999999999999,0.42739130434782613,0,1,1,1,0
1,1,1,0.6400000000000001,4,0.6400000000000001,0.26555555555555554,0.605,0.39304347826087005,0,1,1,1,0
1,0,0,0.28,1,0.28,0.45555555555555555,0.20600000000000002,0.31826086956521715,1,1,0,0,0
0,0,1,0.3999999999999999,2,0.3999999999999999,0.6577777777777778,0.7150000000000001,0.686521739130435,1,0,0,1,1
1,1,1,0.6000000000000001,4,0.6000000000000001,0.21333333333333332,0.47000000000000003,0.34478260869565247,1,1,1,0,0
1,0,0,0.24,1,0.24,0.33444444444444443,0.38499999999999995,0.3960869565217391,1,1,0,0,0
1,1,1,0.52,4,0.52,0.38999999999999996,0.467,0.5526086956521739,0,1,1,1,0
0,0,0,0.31999999999999984,1,0.31999999999999984,0.5277777777777777,0.46900000000000003,0.3091304347826087,0,0,0,1,0
1,1,1,0.56,4,0.56,0.47222222222222227,0.49599999999999994,0.4265217391304348,1,1,1,0,1
0,1,0,0.52,4,0.52,0.37333333333333335,0.552,0.3604347826086962,0,0,1,1,0
0,0,1,0.43999999999999995,4,0.43999999999999995,0.548888888888889,0.428,0.31434782608695677,0,0,0,1,0
1,1,1,0.48,1,0.48,0.29333333333333333,0.39399999999999996,0.41695652173913045,1,1,1,0,0
0,1,0,0.7199999999999998,3,0.7199999999999998,0.4511111111111111,0.284,0.5108695652173916,0,0,1,0,0
1,1,1,0.56,4,0.56,0.5066666666666666,0.599,0.3656521739130434,1,1,1,0,1
1,0,0,0.56,2,0.56,0.8500000000000001,0.567,0.6534782608695653,1,1,0,1,1
1,0,1,0.0,1,0.0,0.31222222222222223,0.24700000000000005,0.2608695652173916,1,1,0,0,0
0,0,0,0.48,2,0.48,0.6055555555555556,0.4509999999999999,0.4843478260869567,1,0,0,0,0
1,0,0,0.52,0,0.52,0.5344444444444445,0.871,0.5813043478260873,1,1,0,1,1
1,0,1,0.3999999999999999,2,0.3999999999999999,0.5833333333333333,0.599,0.6939130434782608,1,1,0,0,1
0,1,1,0.48,2,0.48,0.4155555555555555,0.56,0.17869565217391292,0,0,1,1,1
1,1,1,0.48,1,0.48,0.2511111111111111,0.37100000000000005,0.2286956521739132,0,1,1,1,0
1,1,0,0.3999999999999999,1,0.3999999999999999,0.4066666666666667,0.311,0.4726086956521742,0,1,1,1,0
0,0,0,0.43999999999999995,4,0.43999999999999995,0.46,0.4759999999999999,0.359130434782609,0,0,0,1,0
0,0,0,0.48,2,0.48,0.5811111111111111,0.6440000000000001,0.49521739130434783,1,0,0,0,0
1,1,0,0.24,1,0.24,0.3111111111111111,0.37399999999999994,0.427826086956522,1,1,1,0,0
1,0,1,0.43999999999999995,2,0.43999999999999995,0.5144444444444445,0.7350000000000001,0.4430434782608694,1,1,0,0,1
1,1,1,0.6000000000000001,4,0.6000000000000001,0.5933333333333333,0.716,0.6934782608695653,0,1,1,0,1
1,1,0,0.43999999999999995,1,0.43999999999999995,0.42888888888888893,0.343,0.4056521739130434,0,1,1,1,0
1,1,1,0.56,4,0.56,0.73,0.5129999999999999,0.5795652173913042,1,1,1,0,1
1,0,1,0.43999999999999995,4,0.43999999999999995,0.55,0.6620000000000001,0.5982608695652178,1,1,0,0,1
0,1,1,0.48,0,0.48,0.4711111111111111,0.4020000000000001,0.7043478260869569,1,0,1,1,1
0,0,1,0.48,0,0.48,0.4977777777777778,0.36100000000000004,0.6743478260869566,1,0,0,0,1
0,0,1,0.11999999999999988,4,0.11999999999999988,0.6444444444444444,0.562,0.3313043478260873,1,0,0,0,0
1,1,0,0.6000000000000001,1,0.6000000000000001,0.6100000000000001,0.5249999999999999,0.40086956521739125,0,1,1,0,0
1,1,1,0.28,1,0.28,0.39999999999999997,0.327,0.387826086956522,1,1,1,1,0
1,0,1,0.48,4,0.48,0.49999999999999994,0.7770000000000001,0.4404347826086954,1,1,0,0,1
1,1,0,0.6800000000000002,4,0.6800000000000002,0.6322222222222222,0.698,0.646521739130435,0,1,1,1,1
1,0,0,0.48,2,0.48,0.4544444444444445,0.762,0.3165217391304349,1,1,0,0,1
1,0,1,0.24,4,0.24,0.27444444444444444,0.412,0.37956521739130444,1,1,0,0,0
1,1,1,0.3999999999999999,1,0.3999999999999999,0.6488888888888888,0.335,0.2947826086956522,0,1,1,1,0
0,0,0,0.31999999999999984,1,0.31999999999999984,0.40444444444444444,0.317,0.4408695652173913,1,0,0,0,0
1,1,1,0.3999999999999999,2,0.3999999999999999,0.508888888888889,0.424,0.6478260869565222,0,1,1,1,1
0,0,1,0.3599999999999999,2,0.3599999999999999,0.6377777777777778,0.615,0.646521739130435,1,0,0,0,0
1,0,1,0.48,2,0.48,0.6055555555555556,0.623,0.5769565217391301,1,1,0,1,1
1,0,1,0.11999999999999988,4,0.11999999999999988,0.3111111111111111,0.285,0.17826086956521703,1,1,0,0,0
0,0,1,0.3999999999999999,4,0.3999999999999999,0.6000000000000001,0.613,0.4504347826086956,0,0,0,1,1
1,1,1,0.3999999999999999,1,0.3999999999999999,0.40444444444444444,0.308,0.387826086956522,0,1,1,1,0
1,0,1,0.24,1,0.24,0.5077777777777777,0.15200000000000002,0.3178260869565217,0,1,0,1,0
1,1,0,0.6400000000000001,0,0.6400000000000001,0.5655555555555556,0.558,0.4404347826086954,0,1,1,0,1
1,1,1,0.6800000000000002,1,0.6800000000000002,0.22999999999999998,0.558,0.43565217391304323,0,1,1,0,0
1,1,0,0.6800000000000002,1,0.6800000000000002,0.2633333333333333,0.516,0.4204347826086958,0,1,1,1,0
1,1,0,0.7599999999999998,1,0.7599999999999998,0.4633333333333333,0.6340000000000001,0.5500000000000003,0,1,1,0,1
1,1,1,0.56,1,0.56,0.5466666666666666,0.6819999999999999,0.3578260869565222,0,1,1,1,1
1,1,0,0.43999999999999995,4,0.43999999999999995,0.7022222222222223,0.5759999999999998,0.5134782608695656,0,1,1,1,1
1,1,0,0.43999999999999995,1,0.43999999999999995,0.6299999999999999,0.516,0.4400000000000004,0,1,1,1,0
1,1,0,0.6000000000000001,2,0.6000000000000001,0.1611111111111111,0.6640000000000001,0.4426086956521744,0,1,1,1,0
0,0,1,0.3999999999999999,0,0.3999999999999999,0.4155555555555555,0.7690000000000001,0.43173913043478285,1,0,0,0,0
0,1,1,0.52,3,0.52,0.4855555555555556,0.181,0.32608695652173925,0,0,1,0,0
1,1,1,0.56,4,0.56,0.3988888888888889,0.595,0.6321739130434785,0,1,1,1,1
1,0,0,0.43999999999999995,4,0.43999999999999995,0.701111111111111,0.708,0.7343478260869567,1,1,0,0,1
1,1,1,0.52,1,0.52,0.3211111111111111,0.36700000000000005,0.3586956521739131,0,1,1,1,0
1,0,1,0.3999999999999999,4,0.3999999999999999,0.27111111111111114,0.5640000000000001,0.5934782608695657,1,1,0,0,0
1,1,0,0.6000000000000001,0,0.6000000000000001,0.44555555555555554,0.663,0.31000000000000005,0,1,1,0,1
1,1,0,0.52,1,0.52,0.2733333333333333,0.518,0.4121739130434787,1,1,1,0,0
1,0,0,0.48,4,0.48,0.5966666666666667,0.6940000000000002,0.4556521739130437,1,1,0,0,1
1,1,1,0.6000000000000001,4,0.6000000000000001,0.53,0.5429999999999999,0.4039130434782612,0,1,1,0,0
1,1,1,0.7599999999999998,0,0.7599999999999998,0.37666666666666665,0.9570000000000001,0.528695652173913,0,1,1,1,1
0,0,1,0.3599999999999999,1,0.3599999999999999,0.6555555555555554,0.48400000000000004,0.5186956521739132,1,0,0,1,1
0,0,0,0.6000000000000001,0,0.6000000000000001,0.22555555555555556,0.8340000000000001,0.6200000000000001,1,0,0,0,0
1,0,0,0.43999999999999995,2,0.43999999999999995,0.6799999999999999,0.8590000000000002,0.5973913043478261,1,1,0,0,1
1,1,0,0.7199999999999998,4,0.7199999999999998,0.47555555555555556,0.5800000000000001,0.471304347826087,0,1,1,0,1
0,1,1,0.31999999999999984,2,0.31999999999999984,0.5411111111111111,0.36500000000000005,0.3091304347826087,0,0,1,1,0
1,1,1,0.3999999999999999,1,0.3999999999999999,0.2822222222222222,0.38799999999999996,0.3317391304347823,1,1,1,0,0
1,0,1,0.3599999999999999,4,0.3599999999999999,0.26,0.443,0.3734782608695655,1,1,0,0,0
1,1,0,0.7199999999999998,3,0.7199999999999998,0.5022222222222221,0.44,0.25,0,1,1,1,0
0,0,1,0.43999999999999995,4,0.43999999999999995,0.44555555555555554,0.587,0.3960869565217391,0,0,0,0,0
0,0,1,0.3999999999999999,2,0.3999999999999999,0.6377777777777778,0.6040000000000001,0.5443478260869563,1,0,0,1,1
1,1,1,0.43999999999999995,4,0.43999999999999995,0.4977777777777778,0.573,0.6695652173913045,0,1,1,1,1
1,0,0,0.11999999999999988,2,0.11999999999999988,0.3511111111111111,0.435,0.5513043478260875,1,1,0,1,0
0,1,0,0.52,3,0.52,0.38666666666666666,0.325,0.42347826086956486,1,0,1,0,0
1,1,1,0.6400000000000001,3,0.6400000000000001,0.23222222222222222,0.49400000000000005,0.41999999999999993,0,1,1,0,0
1,0,0,0.3999999999999999,2,0.3999999999999999,0.6144444444444443,0.8009999999999999,0.54,1,1,0,1,1
1,1,0,0.56,3,0.56,0.37222222222222223,0.35200000000000004,0.4643478260869567,0,1,1,1,0
0,0,0,0.28,3,0.28,0.8200000000000001,0.6120000000000001,0.7856521739130433,1,0,0,1,1
0,1,0,0.56,4,0.56,0.5466666666666666,0.49299999999999994,0.4056521739130434,0,0,1,1,1
0,1,1,0.52,1,0.52,0.5677777777777777,0.556,0.471304347826087,1,0,1,0,1
1,0,0,0.43999999999999995,2,0.43999999999999995,0.53,0.5800000000000001,0.8286956521739133,1,1,0,0,1
1,1,1,0.6000000000000001,4,0.6000000000000001,0.4055555555555555,0.5490000000000002,0.3756521739130436,0,1,1,1,0
1,1,0,0.3599999999999999,3,0.3599999999999999,0.44888888888888884,0.15700000000000003,0.3569565217391304,0,1,1,0,0
1,0,0,0.48,4,0.48,0.3511111111111111,0.38600000000000007,0.3017391304347825,1,1,0,0,0
0,1,0,0.6400000000000001,4,0.6400000000000001,0.56,0.556,0.5417391304347823,1,0,1,0,1
1,1,1,0.48,1,0.48,0.3244444444444444,0.7109999999999999,0.7230434782608692,0,1,1,1,1
1,1,1,0.7199999999999998,1,0.7199999999999998,0.22444444444444445,0.6120000000000001,0.17043478260869582,1,1,1,0,0
0,1,0,0.3999999999999999,4,0.3999999999999999,0.5344444444444445,0.39100000000000007,0.3252173913043479,0,0,1,1,0
0,0,1,0.6000000000000001,0,0.6000000000000001,0.37,0.48500000000000004,0.43086956521739106,0,0,0,1,0
0,0,0,0.52,0,0.52,0.29777777777777775,0.659,0.4621739130434781,1,0,0,0,0
0,0,1,0.43999999999999995,4,0.43999999999999995,0.6044444444444443,0.948,0.5043478260869563,1,0,0,0,1
0,0,1,0.52,0,0.52,0.56,0.5490000000000002,0.5069565217391303,1,0,0,0,0
1,1,0,0.52,1,0.52,0.23444444444444446,0.5309999999999999,0.3917391304347828,0,1,1,1,0
0,1,0,0.3999999999999999,3,0.3999999999999999,0.6233333333333333,0.424,0.5221739130434786,1,0,1,1,1
0,0,1,0.31999999999999984,2,0.31999999999999984,0.5766666666666667,0.48000000000000004,0.4160869565217391,1,0,0,1,0
1,1,0,0.6400000000000001,4,0.6400000000000001,0.2511111111111111,0.421,0.4095652173913047,0,1,1,0,0
0,0,0,0.6000000000000001,2,0.6000000000000001,0.4066666666666667,0.6240000000000001,0.4247826086956521,1,0,0,0,0
0,1,1,0.7199999999999998,1,0.7199999999999998,0.5077777777777777,0.311,0.4700000000000002,0,0,1,1,1
1,1,1,0.6800000000000002,1,0.6800000000000002,0.38,0.40599999999999997,0.44478260869565256,0,1,1,1,0
0,0,1,0.31999999999999984,2,0.31999999999999984,0.5755555555555556,0.56,0.48304347826086946,1,0,0,0,0
1,1,0,0.6400000000000001,1,0.6400000000000001,0.4844444444444444,0.663,0.425217391304348,0,1,1,1,0
1,0,0,0.6000000000000001,2,0.6000000000000001,0.3144444444444444,0.575,0.5078260869565221,1,1,0,1,0
1,1,0,0.56,3,0.56,0.6511111111111112,0.5490000000000002,0.3913043478260869,0,1,1,1,0
1,0,1,0.31999999999999984,2,0.31999999999999984,0.3622222222222222,0.5590000000000002,0.6656521739130437,1,1,0,0,1
1,1,0,0.43999999999999995,1,0.43999999999999995,0.9344444444444444,0.562,0.37826086956521765,0,1,1,1,1
1,0,1,0.15999999999999992,1,0.15999999999999992,0.25333333333333335,0.428,0.3295652173913042,1,1,0,0,0
1,1,0,0.6800000000000002,3,0.6800000000000002,0.30444444444444446,0.43,0.44478260869565256,0,1,1,0,0
1,1,0,0.6000000000000001,3,0.6000000000000001,0.34,0.422,0.4613043478260872,1,1,1,0,0
1,1,1,0.28,4,0.28,0.32666666666666666,0.322,0.3656521739130434,0,1,1,1,0
1,1,1,0.52,1,0.52,0.6322222222222222,0.7130000000000001,0.44913043478260883,0,1,1,1,1
0,0,1,0.28,2,0.28,0.5455555555555556,0.7969999999999999,0.4860869565217394,1,0,0,0,0
1,1,0,0.56,1,0.56,0.35333333333333333,0.444,0.39304347826087005,0,1,1,1,0
1,0,0,0.48,4,0.48,0.5244444444444445,0.20600000000000002,0.2491304347826091,1,1,0,1,0
0,0,0,0.52,2,0.52,0.5044444444444445,0.76,0.45173913043478287,1,0,0,1,1
1,0,0,0.3599999999999999,2,0.3599999999999999,0.5877777777777777,0.649,0.7313043478260868,1,1,0,0,1
1,1,0,0.7599999999999998,4,0.7599999999999998,0.08777777777777779,0.7050000000000001,0.28913043478260914,0,1,1,1,0
1,1,1,0.6800000000000002,4,0.6800000000000002,0.19333333333333336,0.698,0.37217391304347824,0,1,1,1,0
1,0,0,0.56,1,0.56,0.4766666666666666,0.6930000000000001,0.42260869565217396,1,1,0,0,0
1,0,1,0.28,2,0.28,0.6277777777777778,0.744,0.46913043478260885,1,1,0,0,1
1,0,0,0.3999999999999999,0,0.3999999999999999,0.43444444444444447,0.562,0.7830434782608697,1,1,0,0,1
0,0,1,0.28,2,0.28,0.6233333333333333,0.679,0.6313043478260867,1,0,0,0,0
1,1,1,0.48,1,0.48,0.3433333333333333,0.431,0.4543478260869569,1,1,1,0,0
1,0,0,0.52,4,0.52,0.7,0.7590000000000001,0.6269565217391304,0,1,0,0,1
0,0,0,0.43999999999999995,3,0.43999999999999995,0.691111111111111,0.623,0.5734782608695652,1,0,0,0,1
0,0,0,0.43999999999999995,4,0.43999999999999995,0.6088888888888888,0.7670000000000001,0.5804347826086955,1,0,0,1,1
1,0,1,0.43999999999999995,2,0.43999999999999995,0.44888888888888884,0.71,0.9443478260869562,1,1,0,0,1
0,1,0,0.52,4,0.52,0.3922222222222222,0.47000000000000003,0.31000000000000005,0,0,1,1,0
0,1,0,0.3599999999999999,4,0.3599999999999999,0.5033333333333334,0.37100000000000005,0.2195652173913043,0,0,1,1,0
1,1,1,0.52,4,0.52,0.8255555555555556,0.6100000000000001,0.40434782608695663,0,1,1,1,1
1,0,0,0.48,4,0.48,0.5344444444444445,0.6779999999999999,0.5095652173913043,1,1,0,0,0
1,1,0,0.43999999999999995,3,0.43999999999999995,0.48222222222222216,0.26899999999999996,0.5069565217391303,0,1,1,1,0
0,1,0,0.56,4,0.56,0.5311111111111111,0.49299999999999994,0.44956521739130473,0,0,1,1,1
1,1,1,0.48,1,0.48,1.0,0.6759999999999999,0.3769565217391304,0,1,1,1,1
1,0,0,0.43999999999999995,2,0.43999999999999995,0.5688888888888888,0.5900000000000001,0.6360869565217389,1,1,0,0,1
1,1,1,0.7199999999999998,3,0.7199999999999998,0.40444444444444444,0.37000000000000005,0.5043478260869563,0,1,1,1,0
0,1,1,0.7599999999999998,1,0.7599999999999998,0.41111111111111115,0.8109999999999999,0.3947826086956523,0,0,1,1,1
0,0,0,0.3599999999999999,4,0.3599999999999999,0.6199999999999999,0.567,0.5091304347826084,1,0,0,1,0
1,1,1,0.43999999999999995,4,0.43999999999999995,0.7022222222222223,0.625,0.4986956521739132,0,1,1,1,1
0,0,0,0.3999999999999999,2,0.3999999999999999,0.6299999999999999,0.328,0.5039130434782613,1,0,0,1,1
0,0,0,0.3999999999999999,4,0.3999999999999999,0.5577777777777777,0.744,0.5304347826086957,1,0,0,1,1
1,1,0,0.48,4,0.48,0.08555555555555555,0.581,0.3821739130434785,0,1,1,1,0
1,1,0,0.52,4,0.52,0.6844444444444444,0.633,0.5434782608695654,0,1,1,1,1
1,1,1,0.43999999999999995,1,0.43999999999999995,0.20222222222222225,0.4459999999999999,0.35565217391304405,0,1,1,1,0
1,1,1,0.52,4,0.52,0.6311111111111112,0.4459999999999999,0.44478260869565256,0,1,1,1,1
0,0,1,0.24,1,0.24,0.7544444444444445,0.47700000000000004,0.5334782608695652,1,0,0,1,1
1,1,0,0.56,1,0.56,0.8088888888888888,0.577,0.2660869565217392,0,1,1,1,1
0,1,0,0.56,3,0.56,0.4977777777777778,0.02899999999999997,0.2491304347826091,1,0,1,0,0
0,0,1,0.48,0,0.48,0.44111111111111106,0.5640000000000001,0.5434782608695654,1,0,0,1,0
1,1,1,0.48,3,0.48,0.4088888888888889,0.20799999999999996,0.3426086956521739,0,1,1,0,0
1,1,1,0.48,2,0.48,0.5255555555555556,0.5700000000000001,0.6508695652173913,1,1,1,0,1
0,0,1,0.19999999999999996,2,0.19999999999999996,0.711111111111111,0.5070000000000001,0.41565217391304365,1,0,0,0,0
1,1,1,0.48,1,0.48,0.21555555555555556,0.6040000000000001,0.45652173913043503,1,1,1,0,0
1,0,0,0.31999999999999984,2,0.31999999999999984,0.3411111111111111,0.39399999999999996,0.24739130434782597,0,1,0,1,0
0,0,1,0.6000000000000001,2,0.6000000000000001,0.42777777777777776,0.5349999999999999,0.396521739130435,1,0,0,0,0
1,0,0,0.28,2,0.28,0.681111111111111,0.593,0.5804347826086955,1,1,0,0,1
1,1,1,0.31999999999999984,4,0.31999999999999984,0.24222222222222223,0.39499999999999996,0.2982608695652176,1,1,1,0,0
1,0,1,0.3599999999999999,2,0.3599999999999999,0.5777777777777777,0.548,0.614782608695652,1,1,0,1,1
1,1,0,0.7199999999999998,1,0.7199999999999998,0.3655555555555556,0.4729999999999999,0.4434782608695653,1,1,1,0,0
1,1,0,0.48,3,0.48,0.2722222222222222,0.437,0.4134782608695655,0,1,1,0,0
1,1,0,0.52,3,0.52,0.34555555555555556,0.4020000000000001,0.40434782608695663,0,1,1,1,0
0,1,0,0.6400000000000001,3,0.6400000000000001,0.39333333333333337,0.298,0.41565217391304365,0,0,1,0,0
0,0,0,0.48,4,0.48,0.5788888888888888,0.5720000000000001,0.47434782608695647,1,0,0,0,0
1,0,0,0.43999999999999995,0,0.43999999999999995,0.48333333333333334,0.651,0.3608695652173912,1,1,0,0,1
1,0,1,0.31999999999999984,0,0.31999999999999984,0.5655555555555556,0.544,0.9047826086956525,1,1,0,0,1
1,0,0,0.48,2,0.48,0.548888888888889,0.7170000000000001,0.42826086956521703,1,1,0,0,1
1,0,1,0.3999999999999999,4,0.3999999999999999,0.7266666666666666,0.7649999999999999,0.7321739130434786,1,1,0,0,1
1,1,0,0.56,4,0.56,0.5900000000000001,0.40299999999999997,0.4734782608695651,0,1,1,1,0
1,1,0,0.3999999999999999,4,0.3999999999999999,0.6666666666666667,0.7309999999999999,0.5186956521739132,0,1,1,0,1
1,0,1,0.52,4,0.52,0.6299999999999999,0.9630000000000001,0.6921739130434785,1,1,0,0,1
1,0,0,0.24,0,0.24,0.4233333333333333,0.565,0.8382608695652176,1,1,0,0,1
1,1,1,0.7199999999999998,1,0.7199999999999998,0.3333333333333333,0.433,0.38565217391304385,0,1,1,1,0
0,0,1,0.24,2,0.24,0.7177777777777778,0.425,0.5156521739130437,1,0,0,0,0
0,0,1,0.52,1,0.52,0.6355555555555557,0.6459999999999999,0.6256521739130436,1,0,0,0,1
0,1,1,0.56,4,0.56,0.6066666666666667,0.39799999999999996,0.5908695652173916,0,0,1,1,1
1,1,0,0.56,4,0.56,0.46,0.6540000000000001,0.4917391304347829,0,1,1,1,0
0,1,1,0.56,1,0.56,0.4155555555555555,0.20899999999999996,0.37173913043478235,1,0,1,0,0
1,0,0,0.43999999999999995,2,0.43999999999999995,0.45888888888888885,0.5529999999999999,0.8365217391304349,1,1,0,0,1
1,1,0,0.56,2,0.56,0.5788888888888888,0.605,0.390869565217391,1,1,1,0,1
0,1,0,0.6400000000000001,3,0.6400000000000001,0.3511111111111111,0.39599999999999996,0.4708695652173911,0,0,1,0,0
1,1,0,0.6000000000000001,3,0.6000000000000001,0.38222222222222224,0.37999999999999995,0.48217391304347856,0,1,1,1,0
1,0,0,0.31999999999999984,2,0.31999999999999984,0.6844444444444444,0.51,0.5852173913043477,1,1,0,1,1
1,1,1,0.6800000000000002,1,0.6800000000000002,0.3055555555555556,0.6240000000000001,0.6665217391304346,0,1,1,0,0
1,0,0,0.52,4,0.52,0.71,0.7429999999999999,0.7560869565217394,0,1,0,0,1
0,0,0,0.28,4,0.28,0.49333333333333335,0.47000000000000003,0.2678260869565219,1,0,0,0,0
1,0,0,0.31999999999999984,4,0.31999999999999984,0.30777777777777776,0.457,0.3821739130434785,1,1,0,1,0
0,1,1,0.43999999999999995,2,0.43999999999999995,0.538888888888889,0.48299999999999993,0.42826086956521703,1,0,1,1,1
0,1,1,0.7199999999999998,2,0.7199999999999998,0.52,0.5549999999999999,0.5639130434782609,0,0,1,1,0
0,0,0,0.6000000000000001,2,0.6000000000000001,0.2833333333333333,0.593,0.81304347826087,1,0,0,0,1
1,1,1,0.56,1,0.56,0.35888888888888887,0.37700000000000006,0.43000000000000016,1,1,1,0,0
1,1,1,0.6400000000000001,1,0.6400000000000001,0.3877777777777778,0.40399999999999997,0.41869565217391314,1,1,1,0,0
1,0,1,0.31999999999999984,4,0.31999999999999984,0.6022222222222222,0.49299999999999994,0.3978260869565222,0,1,0,1,0
1,0,0,0.19999999999999996,4,0.19999999999999996,0.48222222222222216,0.20500000000000002,0.3817391304347826,1,1,0,0,0
0,1,0,0.6000000000000001,2,0.6000000000000001,0.46888888888888886,0.435,0.3573913043478263,0,0,1,1,1
0,0,0,0.48,0,0.48,0.3522222222222222,0.704,0.40043478260869536,1,0,0,0,0
0,1,0,0.7599999999999998,1,0.7599999999999998,0.4877777777777778,0.433,0.4995652173913041,0,0,1,1,1
1,1,1,0.6400000000000001,1,0.6400000000000001,0.5544444444444445,0.506,0.3521739130434782,0,1,1,0,0
1,1,1,0.48,4,0.48,0.6566666666666667,0.615,0.5143478260869565,0,1,1,1,1
1,0,1,0.3999999999999999,2,0.3999999999999999,0.6211111111111112,0.56,0.7291304347826086,1,1,0,0,1
1,1,1,0.48,1,0.48,0.1988888888888889,0.5249999999999999,0.4478260869565216,1,1,1,0,0
0,1,1,0.56,1,0.56,0.6133333333333333,0.6479999999999999,0.5434782608695654,1,0,1,1,1
0,0,0,0.3999999999999999,2,0.3999999999999999,0.4122222222222222,0.43,0.43434782608695643,0,0,0,1,0
0,0,1,0.28,2,0.28,0.6133333333333333,0.643,0.3665217391304352,1,0,0,0,1
1,0,1,0.0,4,0.0,0.3233333333333333,0.28700000000000003,0.25217391304347814,1,1,0,0,0
0,0,0,0.28,4,0.28,0.5800000000000001,0.544,0.4178260869565218,1,0,0,1,0
1,1,0,0.6000000000000001,3,0.6000000000000001,0.2733333333333333,0.4459999999999999,0.4391304347826086,0,1,1,0,0
1,1,0,0.48,4,0.48,0.6366666666666667,0.651,0.6734782608695649,0,1,1,0,1
1,0,1,0.3999999999999999,1,0.3999999999999999,0.7911111111111111,0.516,0.6660869565217391,1,1,0,0,1
1,1,0,0.7199999999999998,1,0.7199999999999998,0.12666666666666668,0.629,0.37086956521739145,1,1,1,0,0
0,1,0,0.56,4,0.56,0.4944444444444444,0.5029999999999999,0.45260869565217376,0,0,1,1,1
0,0,1,0.3999999999999999,4,0.3999999999999999,0.5522222222222222,0.5190000000000001,0.3469565217391306,1,0,0,0,0
1,0,1,0.3999999999999999,1,0.3999999999999999,0.7388888888888889,0.7729999999999999,0.5165217391304346,1,1,0,0,1
1,0,0,0.24,4,0.24,0.35,0.324,0.2634782608695656,1,1,0,1,0
1,0,1,0.43999999999999995,4,0.43999999999999995,0.538888888888889,0.7590000000000001,0.7578260869565221,1,1,0,0,1
1,0,1,0.31999999999999984,4,0.31999999999999984,0.36,0.48400000000000004,0.5008695652173913,1,1,0,0,0
1,0,1,0.43999999999999995,2,0.43999999999999995,0.5377777777777777,0.6340000000000001,0.784347826086957,1,1,0,1,1
1,1,0,0.43999999999999995,4,0.43999999999999995,0.5244444444444445,0.5529999999999999,0.49347826086956514,0,1,1,1,1
0,1,0,0.56,4,0.56,0.38666666666666666,0.77,0.3243478260869561,0,0,1,0,1
1,0,1,0.3599999999999999,1,0.3599999999999999,0.6777777777777778,0.615,0.39347826086956506,1,1,0,0,0
1,1,1,0.48,4,0.48,0.2777777777777778,0.46900000000000003,0.4395652173913045,1,1,1,0,0
0,0,1,0.3599999999999999,2,0.3599999999999999,0.4166666666666667,0.6699999999999999,0.3673913043478261,1,0,0,0,0
0,0,1,0.48,0,0.48,0.5344444444444445,0.613,0.5969565217391306,1,0,0,0,0
1,1,0,0.6000000000000001,1,0.6000000000000001,0.22999999999999998,0.48700000000000004,0.3608695652173912,0,1,1,1,0
0,1,0,0.6800000000000002,2,0.6800000000000002,0.33666666666666667,0.5780000000000001,0.36260869565217435,1,0,1,0,0
0,1,0,0.43999999999999995,0,0.43999999999999995,0.4444444444444445,0.438,0.2713043478260868,0,0,1,1,1
0,1,0,0.7199999999999998,1,0.7199999999999998,0.3955555555555556,0.577,0.38565217391304385,0,0,1,1,1
1,1,1,0.52,1,0.52,0.5955555555555556,0.653,0.5804347826086955,0,1,1,1,1
1,1,0,0.6400000000000001,4,0.6400000000000001,0.5455555555555556,0.7130000000000001,0.4473913043478266,0,1,1,0,1
0,0,1,0.52,2,0.52,0.3277777777777778,0.5590000000000002,0.4047826086956525,1,0,0,0,0
0,0,0,0.31999999999999984,2,0.31999999999999984,0.6944444444444444,0.575,0.6195652173913042,1,0,0,0,1
1,1,1,0.48,4,0.48,0.7266666666666666,0.49400000000000005,0.5208695652173914,0,1,1,1,1
1,0,0,0.040000000000000036,0,0.040000000000000036,0.22444444444444445,0.306,0.09478260869565247,1,1,0,1,0
0,0,1,0.48,0,0.48,0.3833333333333333,0.51,0.4256521739130439,1,0,0,0,0
1,0,0,0.3999999999999999,4,0.3999999999999999,0.24222222222222223,0.524,0.4352173913043482,1,1,0,0,0
0,0,1,0.19999999999999996,0,0.19999999999999996,0.721111111111111,0.39999999999999997,0.5326086956521738,1,0,0,0,1
0,1,0,0.52,4,0.52,0.5044444444444445,0.436,0.41434782608695686,0,0,1,1,0
1,1,1,0.56,3,0.56,0.4366666666666667,0.7690000000000001,0.5204347826086955,0,1,1,1,1
0,0,0,0.24,3,0.24,0.7533333333333334,0.948,0.7173913043478262,1,0,0,1,1
0,1,0,0.52,2,0.52,0.31,0.6000000000000001,0.6878260869565214,1,0,1,0,1
1,0,1,0.48,4,0.48,0.7133333333333334,0.6259999999999999,0.5139130434782606,1,1,0,0,1
1,1,1,0.56,4,0.56,0.5522222222222222,0.5429999999999999,0.4643478260869567,0,1,1,1,1
1,1,0,0.7599999999999998,2,0.7599999999999998,0.29,0.6520000000000001,0.1595652173913047,0,1,1,0,1
1,1,1,0.48,4,0.48,0.4366666666666667,0.464,0.6600000000000001,0,1,1,1,1
1,1,0,0.52,4,0.52,0.6266666666666667,0.6100000000000001,0.6182608695652174,0,1,1,0,1
1,1,0,0.6800000000000002,4,0.6800000000000002,0.5900000000000001,0.728,0.6069565217391304,0,1,1,1,1
0,0,0,0.6000000000000001,4,0.6000000000000001,0.5644444444444445,0.7490000000000001,0.6504347826086954,1,0,0,1,1
1,1,0,0.6400000000000001,4,0.6400000000000001,0.31777777777777777,0.48599999999999993,0.3147826086956522,0,1,1,1,0
1,0,1,0.3999999999999999,0,0.3999999999999999,0.5611111111111111,0.861,0.4034782608695653,1,1,0,0,1
1,1,1,0.43999999999999995,3,0.43999999999999995,0.24222222222222223,0.43,0.3747826086956523,1,1,1,0,0
1,1,1,0.6400000000000001,3,0.6400000000000001,0.6333333333333333,0.782,0.5043478260869563,0,1,1,1,1
0,1,0,0.56,3,0.56,0.44888888888888884,0.235,0.4291304347826088,0,0,1,0,0
1,0,0,0.3999999999999999,2,0.3999999999999999,0.7933333333333332,0.583,0.6191304347826083,1,1,0,0,1
1,0,0,0.3999999999999999,2,0.3999999999999999,0.25555555555555554,0.8190000000000002,0.9230434782608694,1,1,0,0,1
1,1,0,0.52,1,0.52,0.17444444444444446,0.8,0.7143478260869567,0,1,1,1,1
0,0,0,0.48,2,0.48,0.29888888888888887,0.647,0.33347826086956545,1,0,0,0,0
1,0,0,0.48,2,0.48,0.5466666666666666,0.794,0.4782608695652173,1,1,0,0,1
1,0,1,0.56,1,0.56,0.6722222222222223,0.49599999999999994,0.3978260869565222,0,1,0,0,0
1,0,1,0.19999999999999996,4,0.19999999999999996,0.731111111111111,0.903,0.5826086956521741,1,1,0,0,1
1,0,1,0.52,2,0.52,0.6133333333333333,0.754,0.8408695652173912,1,1,0,0,1
1,1,0,0.6400000000000001,4,0.6400000000000001,0.21111111111111114,0.597,0.5191304347826087,0,1,1,0,0
1,0,1,0.48,4,0.48,0.8300000000000001,0.637,0.5691304347826089,0,1,0,0,1
0,0,1,0.48,1,0.48,0.6177777777777778,0.6990000000000001,0.5982608695652178,1,0,0,0,1
1,0,1,0.48,2,0.48,0.6233333333333333,0.732,0.7391304347826089,1,1,0,0,1
1,1,0,0.56,1,0.56,0.5255555555555556,0.504,0.396521739130435,1,1,1,0,1
0,0,1,0.24,2,0.24,0.49000000000000005,0.6990000000000001,0.39347826086956506,1,0,0,0,0
1,1,1,0.6000000000000001,1,0.6000000000000001,0.4677777777777778,0.411,0.2691304347826087,0,1,1,1,0
1,1,1,0.56,2,0.56,0.508888888888889,0.607,0.6734782608695649,0,1,1,1,1
1,0,0,0.56,4,0.56,0.3,0.46900000000000003,0.3239130434782611,1,1,0,0,0
0,1,0,0.48,2,0.48,0.47555555555555556,0.613,0.7217391304347824,0,0,1,1,1
0,0,1,0.31999999999999984,0,0.31999999999999984,0.5366666666666666,0.48799999999999993,1.0000000000000004,1,0,0,0,1
1,1,1,0.6000000000000001,1,0.6000000000000001,0.5066666666666666,0.7050000000000001,0.6269565217391304,0,1,1,1,1
1,1,0,0.52,4,0.52,0.49666666666666665,0.728,0.7347826086956526,0,1,1,1,1
0,0,1,0.43999999999999995,4,0.43999999999999995,0.6288888888888888,0.514,0.537391304347826,0,0,0,1,1
1,1,0,0.6000000000000001,4,0.6000000000000001,0.5822222222222222,0.5190000000000001,0.5456521739130435,0,1,1,1,1
0,1,0,0.6000000000000001,3,0.6000000000000001,0.4466666666666667,0.25,0.5256521739130435,0,0,1,1,0
1,1,1,0.6000000000000001,1,0.6000000000000001,0.7955555555555556,0.647,0.3543478260869568,0,1,1,1,1
1,1,0,0.48,4,0.48,0.39111111111111113,0.5920000000000001,0.6278260869565218,0,1,1,0,1
0,1,1,0.52,4,0.52,0.4911111111111111,0.5900000000000001,0.5378260869565219,0,0,1,1,1
0,0,1,0.56,0,0.56,0.29444444444444445,0.516,0.4404347826086954,1,0,0,0,0
1,1,1,0.3999999999999999,4,0.3999999999999999,0.3711111111111111,0.319,0.2930434782608695,0,1,1,1,0
1,1,1,0.6000000000000001,4,0.6000000000000001,0.6322222222222222,0.7929999999999999,0.7178260869565221,0,1,1,0,1
1,0,0,0.48,2,0.48,0.6799999999999999,0.5780000000000001,0.7686956521739137,1,1,0,0,1
1,1,0,0.52,4,0.52,0.44555555555555554,0.298,0.4700000000000002,0,1,1,1,0
1,1,0,0.3999999999999999,1,0.3999999999999999,0.2677777777777778,0.37700000000000006,0.2347826086956526,0,1,1,1,0
1,1,0,0.48,3,0.48,0.23444444444444446,0.47000000000000003,0.37782608695652176,0,1,1,0,0
0,0,0,0.3599999999999999,2,0.3599999999999999,0.5155555555555555,0.7250000000000001,0.46347826086956534,1,0,0,0,0
1,0,0,0.48,2,0.48,0.7055555555555555,0.5209999999999999,0.686521739130435,1,1,0,0,1
0,0,1,0.28,4,0.28,0.6333333333333333,0.46900000000000003,0.4504347826086956,0,0,0,1,0
1,1,0,0.7599999999999998,3,0.7599999999999998,0.41111111111111115,0.756,0.5491304347826085,0,1,1,1,1
1,1,0,0.6800000000000002,2,0.6800000000000002,0.3844444444444444,0.617,0.350434782608696,0,1,1,1,1
1,0,0,0.3999999999999999,4,0.3999999999999999,0.5233333333333334,0.534,0.4208695652173917,1,1,0,0,0
0,0,1,0.48,0,0.48,0.4811111111111111,0.565,0.8665217391304352,1,0,0,0,1
1,1,1,0.8799999999999999,3,0.8799999999999999,0.5677777777777777,0.6719999999999999,0.5973913043478261,1,1,1,0,1
0,1,0,0.52,2,0.52,0.5755555555555556,0.48500000000000004,0.3834782608695648,0,0,1,1,0
0,0,0,0.48,3,0.48,0.731111111111111,0.6140000000000001,0.6478260869565222,1,0,0,0,1
1,1,1,0.48,1,0.48,0.42444444444444446,0.512,0.37130434782608734,0,1,1,1,1
1,1,1,0.6000000000000001,1,0.6000000000000001,0.3833333333333333,0.587,0.43434782608695643,0,1,1,1,1
0,0,1,0.19999999999999996,2,0.19999999999999996,0.43888888888888894,0.6699999999999999,0.3195652173913044,1,0,0,0,0
1,1,0,0.6400000000000001,0,0.6400000000000001,0.43777777777777777,0.48500000000000004,0.3460869565217388,0,1,1,1,1
1,1,0,0.7199999999999998,3,0.7199999999999998,0.09777777777777777,0.5900000000000001,0.3682608695652174,0,1,1,0,0
1,1,1,0.3999999999999999,4,0.3999999999999999,0.10444444444444445,0.5090000000000001,0.27521739130434764,1,1,1,0,0
1,0,1,0.3599999999999999,4,0.3599999999999999,0.2822222222222222,0.339,0.20999999999999996,1,1,0,1,0
1,1,1,0.7199999999999998,1,0.7199999999999998,0.24,0.6799999999999999,0.6113043478260871,1,1,1,0,0
0,1,1,0.52,4,0.52,0.5222222222222221,0.5549999999999999,0.3756521739130436,0,0,1,1,1
1,0,0,0.48,2,0.48,0.6288888888888888,0.5759999999999998,0.6647826086956523,1,1,0,0,1
0,0,0,0.3999999999999999,2,0.3999999999999999,0.44888888888888884,0.40599999999999997,0.4204347826086958,0,0,0,1,0
1,1,1,0.7199999999999998,2,0.7199999999999998,0.24222222222222223,0.457,0.44434782608695667,0,1,1,1,0
1,0,1,0.43999999999999995,2,0.43999999999999995,0.5044444444444445,0.8590000000000002,0.8278260869565224,1,1,0,0,1
1,1,1,0.56,1,0.56,0.4955555555555556,0.562,0.25173913043478313,0,1,1,0,0
0,1,1,0.6400000000000001,4,0.6400000000000001,0.4888888888888889,0.7190000000000001,0.5821739130434782,0,0,1,1,1
0,0,1,0.48,1,0.48,0.7255555555555555,0.49599999999999994,0.7086956521739132,1,0,0,0,1
0,1,0,0.3999999999999999,4,0.3999999999999999,0.6488888888888888,0.38600000000000007,0.3734782608695655,0,0,1,1,0
1,1,1,0.48,1,0.48,0.4255555555555555,0.657,0.5213043478260868,0,1,1,1,1
1,1,1,0.7999999999999998,1,0.7999999999999998,0.2733333333333333,0.43,0.27521739130434764,0,1,1,1,0
0,0,0,0.31999999999999984,4,0.31999999999999984,0.6799999999999999,0.56,0.36304347826086936,1,0,0,0,0
1,1,1,0.7599999999999998,4,0.7599999999999998,0.29777777777777775,0.5469999999999999,0.39304347826087005,0,1,1,1,0
0,0,0,0.48,2,0.48,0.6388888888888888,0.51,0.5556521739130438,1,0,0,0,0
1,1,1,0.56,1,0.56,0.34,0.416,0.4582608695652177,0,1,1,0,0
1,0,0,0.52,0,0.52,0.19333333333333336,0.651,0.43043478260869605,1,1,0,1,0
1,1,0,0.6400000000000001,0,0.6400000000000001,0.40777777777777774,0.504,0.3369565217391304,0,1,1,1,1
1,1,0,0.56,4,0.56,0.6299999999999999,0.587,0.5878260869565217,0,1,1,1,1
1,0,0,0.43999999999999995,0,0.43999999999999995,0.3111111111111111,0.48799999999999993,0.4400000000000004,1,1,0,1,0
1,1,1,0.48,4,0.48,0.6955555555555555,0.542,0.6108695652173912,0,1,1,1,1
1,1,0,0.56,2,0.56,0.43444444444444447,0.5129999999999999,0.3095652173913046,0,1,1,1,1
0,0,0,0.6000000000000001,0,0.6000000000000001,0.26222222222222225,0.639,0.4617391304347831,1,0,0,0,0
1,1,1,0.52,1,0.52,0.5433333333333332,0.5249999999999999,0.38521739130434796,0,1,1,0,0
1,1,0,0.7999999999999998,3,0.7999999999999998,0.3688888888888889,0.38799999999999996,0.5282608695652176,0,1,1,0,0
1,1,1,0.43999999999999995,1,0.43999999999999995,0.5244444444444445,0.663,0.41999999999999993,0,1,1,1,1
1,1,0,0.43999999999999995,4,0.43999999999999995,0.5577777777777777,0.47700000000000004,0.4321739130434783,0,1,1,1,0
0,0,0,0.28,4,0.28,0.7144444444444444,0.34500000000000003,0.4617391304347831,0,0,0,1,0
1,1,1,0.56,4,0.56,0.6555555555555554,0.704,0.7082608695652177,0,1,1,1,1
0,0,1,0.52,2,0.52,0.47333333333333333,0.5170000000000001,0.48043478260869543,0,0,0,1,0
1,1,1,0.56,1,0.56,0.75,0.706,0.6095652173913044,0,1,1,0,1
0,0,0,0.3999999999999999,0,0.3999999999999999,0.6155555555555556,0.546,0.5486956521739135,1,0,0,0,0
1,1,1,0.7999999999999998,1,0.7999999999999998,0.2966666666666667,0.635,0.5782608695652174,0,1,1,1,0
1,1,1,0.56,4,0.56,0.3988888888888889,0.35799999999999993,0.27565217391304353,0,1,1,1,0
1,0,0,0.31999999999999984,4,0.31999999999999984,0.4677777777777778,0.179,0.276086956521739,1,1,0,1,0
0,1,0,0.8399999999999999,3,0.8399999999999999,0.4888888888888889,0.36200000000000004,0.5839130434782613,0,0,1,1,0
0,0,1,0.43999999999999995,4,0.43999999999999995,0.5755555555555556,0.54,0.38956521739130423,1,0,0,0,0
1,1,0,0.43999999999999995,4,0.43999999999999995,0.49333333333333335,0.6499999999999999,0.5995652173913046,0,1,1,1,1
1,1,1,0.15999999999999992,3,0.15999999999999992,0.4911111111111111,0.046999999999999986,0.2917391304347823,0,1,1,1,0
1,1,1,0.3599999999999999,3,0.3599999999999999,0.7166666666666666,0.726,0.37173913043478235,0,1,1,1,1
1,1,0,0.6400000000000001,3,0.6400000000000001,0.33666666666666667,0.445,0.3773913043478263,0,1,1,0,0
1,0,0,0.48,2,0.48,0.5444444444444445,0.8290000000000002,0.5513043478260875,1,1,0,0,1
1,1,1,0.48,4,0.48,0.7722222222222221,0.5469999999999999,0.4856521739130435,0,1,1,1,1
0,0,0,0.3599999999999999,2,0.3599999999999999,0.5477777777777777,0.546,0.4291304347826088,1,0,0,1,0
1,0,0,0.3999999999999999,0,0.3999999999999999,0.5611111111111111,0.875,0.4547826086956519,1,1,0,0,1
1,0,0,0.6000000000000001,4,0.6000000000000001,0.7533333333333334,0.663,0.6304347826086958,0,1,0,1,1
0,1,0,0.6800000000000002,4,0.6800000000000002,0.37,0.6120000000000001,0.3456521739130438,1,0,1,0,0
1,1,1,0.3599999999999999,1,0.3599999999999999,0.31777777777777777,0.40299999999999997,0.43782608695652137,1,1,1,0,0
0,0,1,0.6400000000000001,2,0.6400000000000001,0.4166666666666667,0.6659999999999999,0.43173913043478285,1,0,0,0,0
1,1,0,0.7599999999999998,2,0.7599999999999998,0.4777777777777778,0.742,0.5152173913043478,0,1,1,1,1
1,0,1,0.6000000000000001,2,0.6000000000000001,0.7166666666666666,0.663,0.8165217391304345,1,1,0,0,1
1,1,0,0.56,1,0.56,0.681111111111111,0.40599999999999997,0.5152173913043478,1,1,1,0,1
0,1,1,0.48,0,0.48,0.4533333333333333,0.418,0.23217391304347856,0,0,1,0,1
0,1,0,0.6000000000000001,4,0.6000000000000001,0.45,0.5429999999999999,0.39391304347826095,0,0,1,0,1
0,0,0,0.19999999999999996,0,0.19999999999999996,0.6199999999999999,0.47000000000000003,0.34869565217391285,1,0,0,0,0
0,1,1,0.52,1,0.52,0.55,0.708,0.45260869565217376,1,0,1,1,1
1,1,0,0.6800000000000002,2,0.6800000000000002,0.4844444444444444,0.7230000000000001,0.5126086956521743,1,1,1,0,1
0,1,1,0.7599999999999998,3,0.7599999999999998,0.4844444444444444,0.518,0.5317391304347829,0,0,1,0,1
1,0,0,0.48,4,0.48,0.518888888888889,0.6259999999999999,0.45956521739130407,0,1,0,0,0
1,0,0,0.48,4,0.48,0.7122222222222223,0.5490000000000002,0.6256521739130436,1,1,0,0,1
1,0,1,0.48,4,0.48,0.4711111111111111,0.8,0.723913043478261,1,1,0,0,1
1,1,0,0.56,3,0.56,0.32666666666666666,0.8109999999999999,0.5682608695652172,0,1,1,1,1
1,0,0,0.43999999999999995,2,0.43999999999999995,0.788888888888889,0.546,0.4926086956521738,0,1,0,1,1
1,0,1,0.3599999999999999,4,0.3599999999999999,0.741111111111111,0.7709999999999999,0.6747826086956521,1,1,0,0,1
0,0,1,0.11999999999999988,2,0.11999999999999988,0.6466666666666667,0.611,0.49739130434782597,1,0,0,0,0
0,1,1,0.3999999999999999,4,0.3999999999999999,0.47888888888888886,0.4729999999999999,0.4047826086956525,0,0,1,1,0
0,0,1,0.52,2,0.52,0.2822222222222222,0.9320000000000002,0.4782608695652173,1,0,0,0,0
0,1,1,0.48,4,0.48,0.5022222222222221,0.625,0.41695652173913045,0,0,1,1,1
1,0,0,0.48,2,0.48,0.7233333333333334,0.449,0.5321739130434779,0,1,0,1,1
1,0,1,0.52,2,0.52,0.6011111111111112,0.738,0.7678260869565219,1,1,0,0,1
1,0,1,0.3999999999999999,2,0.3999999999999999,0.7355555555555555,0.601,0.6747826086956521,1,1,0,0,1
1,1,0,0.3599999999999999,4,0.3599999999999999,0.3566666666666667,0.324,0.2865217391304351,1,1,1,1,0
1,1,1,0.56,4,0.56,0.7544444444444445,0.5,0.42260869565217396,0,1,1,1,1
0,1,0,0.48,4,0.48,0.4811111111111111,0.762,0.36260869565217435,0,0,1,1,1
0,1,0,0.52,2,0.52,0.5788888888888888,0.3479999999999999,0.5039130434782613,0,0,1,1,0
1,0,0,0.24,4,0.24,0.4333333333333333,0.316,0.3313043478260873,1,1,0,1,0
1,0,0,0.43999999999999995,1,0.43999999999999995,0.4055555555555555,0.339,0.39391304347826095,1,1,0,1,0
1,0,0,0.48,1,0.48,0.6255555555555556,0.468,0.4478260869565216,0,1,0,1,0
0,1,0,0.48,4,0.48,0.5855555555555556,0.408,0.4060869565217393,0,0,1,1,0
1,1,0,0.6400000000000001,3,0.6400000000000001,0.4888888888888889,0.7770000000000001,0.35521739130434815,0,1,1,1,1
0,0,1,0.3599999999999999,0,0.3599999999999999,0.6333333333333333,0.6930000000000001,0.5843478260869563,1,0,0,0,1
1,1,1,0.52,4,0.52,0.38555555555555554,0.6520000000000001,0.5069565217391303,0,1,1,1,1
0,0,0,0.31999999999999984,4,0.31999999999999984,0.6044444444444443,0.5109999999999999,0.3500000000000001,1,0,0,0,0
1,1,0,0.48,3,0.48,0.36777777777777776,0.337,0.5308695652173911,0,1,1,0,0
1,1,0,0.6800000000000002,1,0.6800000000000002,0.4533333333333333,0.681,0.3726086956521737,0,1,1,0,0
0,0,1,0.31999999999999984,0,0.31999999999999984,0.5377777777777777,0.438,0.4769565217391305,1,0,0,1,0
1,1,0,0.3999999999999999,4,0.3999999999999999,0.42,0.857,0.752608695652174,0,1,1,0,1
1,1,0,0.52,1,0.52,0.27999999999999997,0.851,0.8139130434782609,1,1,1,0,1
1,1,1,0.6400000000000001,1,0.6400000000000001,0.2822222222222222,0.5309999999999999,0.49043478260869566,0,1,1,0,0
1,1,1,0.7199999999999998,1,0.7199999999999998,0.38666666666666666,0.49500000000000005,0.49695652173913096,0,1,1,1,0
0,0,1,0.3999999999999999,0,0.3999999999999999,0.5022222222222221,0.542,0.5104347826086957,1,0,0,0,0
1,1,0,0.48,3,0.48,0.26,0.36299999999999993,0.30391304347826065,0,1,1,1,0
1,0,0,0.3999999999999999,4,0.3999999999999999,0.4155555555555555,0.36700000000000005,0.39217391304347826,1,1,0,1,0
0,1,1,0.7599999999999998,2,0.7599999999999998,0.26,0.334,0.34956521739130464,0,0,1,1,0
1,1,0,0.56,4,0.56,0.4744444444444444,0.5270000000000001,0.4552173913043478,0,1,1,1,0
1,1,0,0.3999999999999999,4,0.3999999999999999,0.6344444444444444,0.512,0.6443478260869564,1,1,1,0,1
1,1,1,0.6400000000000001,1,0.6400000000000001,0.3088888888888889,0.5449999999999999,0.17130434782608672,0,1,1,0,0
0,1,0,0.6800000000000002,3,0.6800000000000002,0.5744444444444445,0.47000000000000003,0.7500000000000004,0,0,1,1,1
1,0,1,0.15999999999999992,3,0.15999999999999992,0.4644444444444445,0.21100000000000002,0.37043478260869556,1,1,0,0,0
1,1,1,0.28,1,0.28,0.3277777777777778,0.308,0.33347826086956545,1,1,1,0,0
1,1,1,0.52,1,0.52,0.4333333333333333,0.8050000000000002,0.6613043478260869,0,1,1,1,1
1,0,0,0.3599999999999999,1,0.3599999999999999,0.4911111111111111,0.18,0.3734782608695655,1,1,0,1,0
1,0,0,0.56,2,0.56,0.1766666666666667,0.645,0.910434782608696,1,1,0,0,1
1,1,0,0.48,4,0.48,0.3511111111111111,0.49099999999999994,0.4843478260869567,0,1,1,1,1
1,0,0,0.56,4,0.56,0.5444444444444445,0.5720000000000001,0.5060869565217394,0,1,0,1,0
0,0,1,0.3599999999999999,4,0.3599999999999999,0.6344444444444444,0.438,0.5139130434782606,1,0,0,1,1
0,0,0,0.24,2,0.24,0.4711111111111111,0.6719999999999999,0.41434782608695686,1,0,0,0,0
1,0,0,0.28,1,0.28,0.6322222222222222,0.6040000000000001,0.40434782608695663,1,1,0,0,0
1,0,1,0.48,4,0.48,0.27666666666666667,0.683,0.7739130434782608,1,1,0,1,1
0,1,1,0.52,4,0.52,0.5722222222222222,0.34400000000000003,0.4547826086956519,0,0,1,1,1
1,1,1,0.48,4,0.48,0.7033333333333334,0.579,0.5434782608695654,0,1,1,0,1
1,1,0,0.52,2,0.52,0.6333333333333333,0.449,0.637826086956522,1,1,1,0,1
1,0,0,0.31999999999999984,0,0.31999999999999984,0.2577777777777778,0.528,0.3752173913043477,1,1,0,0,0
1,0,1,0.3599999999999999,2,0.3599999999999999,0.6377777777777778,0.5720000000000001,0.5217391304347827,1,1,0,0,1
0,0,0,0.19999999999999996,2,0.19999999999999996,0.71,0.8370000000000002,0.44521739130434757,1,0,0,0,1
1,0,0,0.3599999999999999,2,0.3599999999999999,0.6066666666666667,0.6379999999999999,0.741304347826087,1,1,0,0,1
0,1,1,0.6400000000000001,4,0.6400000000000001,0.3877777777777778,0.49700000000000005,0.27565217391304353,0,0,1,0,0
1,0,0,0.43999999999999995,1,0.43999999999999995,0.5933333333333333,0.5429999999999999,0.38956521739130423,0,1,0,1,0
1,1,0,0.6000000000000001,1,0.6000000000000001,0.26555555555555554,0.8170000000000002,0.6643478260869564,0,1,1,1,1
1,1,1,0.52,1,0.52,0.21555555555555556,0.5329999999999999,0.47043478260869565,0,1,1,0,0
1,0,1,0.28,4,0.28,0.2211111111111111,0.538,0.3169565217391308,0,1,0,1,0
0,0,0,0.52,0,0.52,0.34,0.647,0.3913043478260869,1,0,0,0,0
1,0,1,0.3999999999999999,2,0.3999999999999999,0.6666666666666667,0.627,0.6373913043478261,1,1,0,0,1
1,0,0,0.48,2,0.48,0.548888888888889,0.6379999999999999,0.44956521739130473,1,1,0,1,1
0,0,0,0.52,0,0.52,0.7177777777777778,0.38200000000000006,0.6934782608695653,1,0,0,1,1
0,0,0,0.6000000000000001,2,0.6000000000000001,0.36444444444444446,0.655,0.45304347826086966,1,0,0,0,0
1,1,0,0.48,4,0.48,0.37666666666666665,0.69,0.7130434782608699,1,1,1,0,1
0,0,1,0.3999999999999999,2,0.3999999999999999,0.4366666666666667,0.661,0.7339130434782608,1,0,0,0,1
1,1,0,0.3599999999999999,1,0.3599999999999999,0.37555555555555553,0.298,0.324782608695652,1,1,1,0,0
1,0,1,0.3599999999999999,4,0.3599999999999999,0.7177777777777778,0.5800000000000001,0.5386956521739132,0,1,0,0,1
1,1,0,0.56,1,0.56,0.4033333333333334,0.339,0.43434782608695643,1,1,1,0,0
1,1,1,0.48,1,0.48,0.3833333333333333,0.22200000000000003,0.29695652173913034,0,1,1,1,0
1,1,0,0.6000000000000001,1,0.6000000000000001,0.5211111111111111,0.627,0.4734782608695651,0,1,1,1,1
1,0,1,0.56,2,0.56,0.778888888888889,0.544,0.6708695652173917,1,1,0,0,1
0,0,0,0.43999999999999995,4,0.43999999999999995,0.5966666666666667,0.625,0.6221739130434782,1,0,0,0,1
1,1,0,0.56,1,0.56,0.43555555555555553,0.653,0.5786956521739133,0,1,1,1,1
1,1,0,0.6000000000000001,4,0.6000000000000001,0.5711111111111111,0.5070000000000001,0.5299999999999998,0,1,1,1,1
0,0,1,0.52,2,0.52,0.6000000000000001,0.704,0.5899999999999999,1,0,0,1,1
1,1,1,0.7599999999999998,1,0.7599999999999998,0.4677777777777778,0.667,0.5217391304347827,1,1,1,0,1
0,1,1,0.7199999999999998,2,0.7199999999999998,0.2033333333333333,0.679,0.0,0,0,1,1,1
1,1,1,0.3999999999999999,2,0.3999999999999999,0.28555555555555556,0.55,0.7021739130434788,1,1,1,0,1
1,1,0,0.52,1,0.52,0.2366666666666667,0.40599999999999997,0.26956521739130457,0,1,1,1,0
1,1,0,0.52,4,0.52,0.7322222222222221,0.639,0.6017391304347828,0,1,1,1,1
0,1,1,0.56,3,0.56,0.2866666666666667,0.38700000000000007,0.4778260869565214,0,0,1,0,0
0,0,1,0.3999999999999999,0,0.3999999999999999,0.5711111111111111,0.6740000000000002,0.48652173913043484,1,0,0,0,0
1,0,1,0.48,1,0.48,0.4133333333333333,0.7570000000000001,0.34826086956521785,1,1,0,0,0
0,0,1,0.3599999999999999,4,0.3599999999999999,0.6855555555555555,0.548,0.5299999999999998,1,0,0,0,1
1,1,1,0.3599999999999999,4,0.3599999999999999,0.6566666666666667,0.516,0.5421739130434782,0,1,1,0,1
0,1,0,0.52,2,0.52,0.5166666666666666,0.47400000000000003,0.5104347826086957,0,0,1,1,0
1,0,1,0.15999999999999992,0,0.15999999999999992,0.7544444444444445,0.653,0.4665217391304348,1,1,0,0,1
1,1,0,1.0,1,1.0,0.37333333333333335,0.457,0.5021739130434781,0,1,1,1,0
0,0,0,0.43999999999999995,1,0.43999999999999995,0.6344444444444444,0.5529999999999999,0.4286956521739129,1,0,0,0,1
0,0,1,0.43999999999999995,2,0.43999999999999995,0.53,0.558,0.4786956521739132,1,0,0,0,0
1,0,0,0.56,4,0.56,0.3522222222222222,0.8190000000000002,0.8795652173913049,1,1,0,0,1
1,0,0,0.52,2,0.52,0.4266666666666667,0.37299999999999994,0.3600000000000003,1,1,0,1,0
0,0,0,0.52,2,0.52,0.4888888888888889,0.47200000000000003,0.47956521739130453,0,0,0,1,0
1,1,0,0.56,1,0.56,0.5822222222222222,0.518,0.3317391304347823,0,1,1,1,1
0,0,0,0.56,0,0.56,0.528888888888889,0.593,0.6943478260869567,1,0,0,1,0
1,1,1,0.52,1,0.52,0.4033333333333334,0.35100000000000003,0.4430434782608694,0,1,1,1,0
0,0,0,0.43999999999999995,1,0.43999999999999995,0.7022222222222223,0.48299999999999993,0.5226086956521736,0,0,0,1,1
1,1,0,0.48,4,0.48,0.5733333333333333,0.6540000000000001,0.5030434782608695,1,1,1,0,1
0,0,1,0.52,0,0.52,0.4133333333333333,0.4659999999999999,0.42217391304347807,1,0,0,0,0
1,1,1,0.48,2,0.48,0.5677777777777777,0.39200000000000007,0.4104347826086956,1,1,1,0,1
0,1,1,0.6000000000000001,2,0.6000000000000001,0.3611111111111111,0.37200000000000005,0.166521739130435,0,0,1,1,1
0,0,1,0.56,2,0.56,0.4333333333333333,0.6140000000000001,0.4986956521739132,1,0,0,1,0
1,1,0,0.6000000000000001,2,0.6000000000000001,0.45,0.6120000000000001,0.36347826086956525,0,1,1,0,1
0,0,0,0.52,2,0.52,0.5511111111111111,0.6379999999999999,0.776086956521739,1,0,0,0,1
1,0,1,0.3999999999999999,4,0.3999999999999999,0.6699999999999999,0.587,0.5017391304347831,1,1,0,1,1
0,1,1,0.31999999999999984,3,0.31999999999999984,0.5311111111111111,0.17099999999999999,0.40043478260869536,1,0,1,0,0
0,1,1,0.6400000000000001,4,0.6400000000000001,0.3566666666666667,0.22899999999999998,0.2417391304347829,0,0,1,0,1
1,1,0,0.52,1,0.52,0.6166666666666667,0.647,0.40826086956521745,0,1,1,1,1
0,0,0,0.3999999999999999,4,0.3999999999999999,0.5411111111111111,0.665,0.4569565217391309,1,0,0,0,0
0,0,1,0.3599999999999999,4,0.3599999999999999,0.6677777777777778,0.5329999999999999,0.43043478260869605,1,0,0,1,0
1,0,1,0.3999999999999999,0,0.3999999999999999,0.43555555555555553,0.931,0.34478260869565247,1,1,0,0,1
0,1,1,0.52,3,0.52,0.33444444444444443,0.35400000000000004,0.4482608695652175,1,0,1,0,0
1,0,1,0.3599999999999999,2,0.3599999999999999,0.17444444444444446,0.5309999999999999,0.350869565217391,1,1,0,1,0
0,1,0,0.52,4,0.52,0.5566666666666666,0.334,0.4208695652173917,0,0,1,1,0
0,1,0,0.56,4,0.56,0.5322222222222222,0.698,0.4734782608695651,1,0,1,0,1
1,0,1,0.43999999999999995,2,0.43999999999999995,0.6077777777777778,0.5700000000000001,0.7500000000000004,1,1,0,0,1
0,1,0,0.56,4,0.56,0.4466666666666667,0.565,0.3500000000000001,0,0,1,1,1
1,1,1,0.56,0,0.56,0.4611111111111111,0.5469999999999999,0.2630434782608697,1,1,1,0,1
1,0,1,0.43999999999999995,2,0.43999999999999995,0.6722222222222223,0.6520000000000001,0.7169565217391303,1,1,0,0,1
1,1,1,0.28,3,0.28,0.3411111111111111,0.21399999999999997,0.2604347826086957,1,1,1,0,0
1,1,0,0.6800000000000002,3,0.6800000000000002,0.3477777777777778,0.40399999999999997,0.44478260869565256,0,1,1,1,0
1,0,0,0.28,4,0.28,0.46,0.29700000000000004,0.49086956521739156,1,1,0,0,0
1,0,1,0.3999999999999999,1,0.3999999999999999,0.3877777777777778,0.39999999999999997,0.47608695652173916,1,1,0,0,0
0,0,1,0.19999999999999996,1,0.19999999999999996,0.7133333333333334,0.563,0.5904347826086958,1,0,0,0,1
1,0,1,0.3999999999999999,1,0.3999999999999999,0.731111111111111,0.649,0.5130434782608697,0,1,0,1,0
0,0,0,0.07999999999999985,4,0.07999999999999985,0.7255555555555555,0.47700000000000004,0.42434782608695665,0,0,0,1,0
0,0,1,0.43999999999999995,2,0.43999999999999995,0.5011111111111111,0.6759999999999999,0.38695652173913064,1,0,0,0,0
1,1,0,0.3599999999999999,2,0.3599999999999999,0.7033333333333334,0.47200000000000003,0.3756521739130436,0,1,1,1,1
1,1,0,0.56,4,0.56,0.5766666666666667,0.7829999999999999,0.6204347826086956,0,1,1,1,1
0,1,0,0.52,4,0.52,0.5911111111111111,0.5049999999999999,0.48652173913043484,1,0,1,1,1
1,1,0,0.56,1,0.56,0.5055555555555555,0.7329999999999999,0.5960869565217388,0,1,1,1,1
1,1,1,0.6400000000000001,4,0.6400000000000001,0.4711111111111111,0.659,0.6956521739130435,0,1,1,1,1
0,0,0,0.48,1,0.48,0.35888888888888887,0.40299999999999997,0.4173913043478259,1,0,0,0,0
0,1,0,0.7999999999999998,1,0.7999999999999998,0.45222222222222225,0.6120000000000001,0.4769565217391305,0,0,1,1,1
0,0,0,0.48,4,0.48,0.6266666666666667,0.6179999999999999,0.5521739130434784,1,0,0,0,1
1,0,1,0.48,2,0.48,0.5566666666666666,0.6779999999999999,0.7404347826086961,1,1,0,0,1
0,1,1,0.6000000000000001,2,0.6000000000000001,0.35444444444444445,0.34400000000000003,0.2943478260869563,0,0,1,1,1
0,1,1,0.48,3,0.48,0.44,0.15999999999999998,0.32608695652173925,1,0,1,0,0
0,1,0,0.7599999999999998,3,0.7599999999999998,0.2922222222222222,0.36200000000000004,0.3234782608695652,0,0,1,1,0
1,0,1,0.3599999999999999,1,0.3599999999999999,0.71,0.48700000000000004,0.41999999999999993,0,1,0,1,0
1,0,1,0.3999999999999999,2,0.3999999999999999,0.5155555555555555,0.6759999999999999,0.758695652173913,1,1,0,0,1
1,1,0,0.6000000000000001,1,0.6000000000000001,0.4644444444444445,0.413,0.566086956521739,0,1,1,1,0
0,1,0,0.6400000000000001,4,0.6400000000000001,0.2611111111111111,0.6740000000000002,0.8021739130434784,1,0,1,1,1
1,0,1,0.19999999999999996,2,0.19999999999999996,0.5855555555555556,0.51,0.6121739130434785,1,1,0,0,1
1,1,0,0.43999999999999995,2,0.43999999999999995,0.7388888888888889,0.442,0.5230434782608695,0,1,1,1,1
0,0,0,0.48,2,0.48,0.5688888888888888,0.458,0.41521739130434776,1,0,0,0,0
1,1,1,0.6400000000000001,1,0.6400000000000001,0.4811111111111111,0.6220000000000001,0.6021739130434782,0,1,1,1,1
0,0,0,0.3599999999999999,0,0.3599999999999999,0.44,0.617,0.4508695652173915,1,0,0,0,0
0,0,0,0.28,1,0.28,0.8811111111111112,0.20899999999999996,0.6460869565217391,1,0,0,1,1
1,1,0,0.56,3,0.56,0.32666666666666666,0.4509999999999999,0.396521739130435,0,1,1,0,0
1,0,0,0.48,2,0.48,0.6288888888888888,0.5920000000000001,0.6604347826086956,1,1,0,0,1
0,0,1,0.6400000000000001,2,0.6400000000000001,0.538888888888889,0.8160000000000001,0.572173913043478,0,0,0,1,1
1,1,1,0.6400000000000001,1,0.6400000000000001,0.528888888888889,0.6990000000000001,0.47521739130434826,0,1,1,0,1
1,1,1,0.6800000000000002,0,0.6800000000000002,0.41777777777777775,0.655,0.4404347826086954,0,1,1,0,1
1,0,0,0.48,4,0.48,0.24555555555555558,0.6300000000000001,0.6095652173913044,1,1,0,0,0
1,1,1,0.48,4,0.48,0.5877777777777777,0.43,0.4613043478260872,0,1,1,1,1
0,1,0,0.6000000000000001,2,0.6000000000000001,0.49000000000000005,0.36200000000000004,0.3686956521739133,0,0,1,1,1
0,1,0,0.6000000000000001,4,0.6000000000000001,0.3611111111111111,0.48599999999999993,0.3013043478260875,0,0,1,0,0
1,0,0,0.3599999999999999,0,0.3599999999999999,0.48222222222222216,0.6040000000000001,0.8286956521739133,1,1,0,0,1
1,0,1,0.3999999999999999,4,0.3999999999999999,0.55,0.7990000000000002,0.3756521739130436,1,1,0,0,1
1,1,0,0.6000000000000001,3,0.6000000000000001,0.4577777777777778,0.79,0.5252173913043476,0,1,1,1,1
0,0,1,0.15999999999999992,2,0.15999999999999992,0.5822222222222222,0.5759999999999998,0.35652173913043494,1,0,0,0,0
0,1,1,0.52,4,0.52,0.49666666666666665,0.56,0.3282608695652174,0,0,1,1,1
1,1,0,0.7999999999999998,3,0.7999999999999998,0.5366666666666666,0.434,0.2347826086956526,0,1,1,1,0
1,1,0,0.56,3,0.56,0.6111111111111112,0.37000000000000005,0.32043478260869573,0,1,1,1,0
0,0,0,0.19999999999999996,3,0.19999999999999996,0.7077777777777778,0.5920000000000001,0.4917391304347829,1,0,0,1,1
1,1,0,0.52,4,0.52,0.5866666666666667,0.421,0.43565217391304323,1,1,1,0,1
1,0,1,0.3999999999999999,4,0.3999999999999999,0.7222222222222223,0.6819999999999999,0.5708695652173912,1,1,0,0,1
1,0,0,0.3599999999999999,1,0.3599999999999999,0.6411111111111112,0.6100000000000001,0.37826086956521765,0,1,0,1,0
0,1,1,0.52,3,0.52,0.34,0.428,0.5682608695652172,0,0,1,0,0
1,1,0,0.52,4,0.52,0.6322222222222222,0.6000000000000001,0.5117391304347825,0,1,1,0,1
1,1,0,0.52,1,0.52,0.32555555555555554,0.409,0.3917391304347828,1,1,1,0,0
1,1,1,0.7199999999999998,1,0.7199999999999998,0.4433333333333333,0.288,0.2869565217391301,0,1,1,1,0
0,0,1,0.3999999999999999,2,0.3999999999999999,0.5811111111111111,0.6540000000000001,0.31565217391304357,1,0,0,1,1
1,1,0,0.56,4,0.56,0.5955555555555556,0.5759999999999998,0.5504347826086957,1,1,1,1,1
1,1,1,0.8799999999999999,1,0.8799999999999999,0.46888888888888886,0.33,0.40521739130434753,0,1,1,1,0
0,1,0,0.48,2,0.48,0.3566666666666667,0.46900000000000003,0.3826086956521739,0,0,1,1,0
1,0,1,0.3599999999999999,4,0.3599999999999999,0.5866666666666667,0.764,0.6508695652173913,1,1,0,0,1
0,0,0,0.56,2,0.56,0.43,0.6059999999999999,0.4095652173913047,0,0,0,0,0
1,1,1,0.6000000000000001,4,0.6000000000000001,0.5022222222222221,0.6910000000000001,0.7778260869565217,0,1,1,1,1
1,1,1,0.43999999999999995,4,0.43999999999999995,0.2911111111111111,0.722,0.7382608695652175,1,1,1,0,1
1,1,1,0.15999999999999992,3,0.15999999999999992,0.5444444444444445,0.07800000000000001,0.33434782608695635,1,1,1,0,0
0,1,1,0.52,4,0.52,0.5277777777777777,0.48799999999999993,0.37086956521739145,0,0,1,1,1
1,1,1,0.56,4,0.56,0.5277777777777777,0.413,0.42826086956521703,0,1,1,1,0
0,0,1,0.43999999999999995,3,0.43999999999999995,0.69,0.7190000000000001,0.6134782608695653,1,0,0,1,1
1,1,0,0.56,3,0.56,0.3011111111111111,0.457,0.43869565217391315,0,1,1,0,0
0,0,1,0.56,0,0.56,0.3022222222222222,0.653,0.4191304347826086,1,0,0,0,0
0,0,0,0.43999999999999995,4,0.43999999999999995,0.43,0.7209999999999999,0.2908695652173914,1,0,0,0,0
1,1,1,0.52,1,0.52,0.5455555555555556,0.6200000000000001,0.5508695652173916,0,1,1,1,1
0,0,1,0.3599999999999999,0,0.3599999999999999,0.43444444444444447,0.48700000000000004,0.4191304347826086,1,0,0,0,0
1,1,1,0.7199999999999998,1,0.7199999999999998,0.29444444444444445,0.4459999999999999,0.3973913043478263,0,1,1,0,0
0,1,1,0.56,2,0.56,0.3566666666666667,0.56,0.7273913043478264,1,0,1,1,1
1,1,1,0.3599999999999999,4,0.3599999999999999,0.17333333333333334,0.5029999999999999,0.32652173913043514,1,1,1,0,0
0,1,1,0.7999999999999998,2,0.7999999999999998,0.37222222222222223,0.437,0.350434782608696,0,0,1,0,0
0,0,0,0.6400000000000001,2,0.6400000000000001,0.48000000000000004,0.548,0.5060869565217394,1,0,0,1,0
1,1,1,0.48,1,0.48,0.38999999999999996,0.7309999999999999,0.5426086956521741,0,1,1,1,1
0,0,1,0.56,1,0.56,0.5544444444444445,0.7729999999999999,0.6243478260869564,0,0,0,1,1
1,1,0,0.56,1,0.56,0.3788888888888889,0.284,0.3773913043478263,0,1,1,1,0
0,0,1,0.19999999999999996,0,0.19999999999999996,0.5922222222222222,0.4409999999999999,0.37173913043478235,1,0,0,0,0
0,0,1,0.19999999999999996,4,0.19999999999999996,0.8188888888888888,0.617,0.7495652173913041,1,0,0,1,1
1,1,1,0.6000000000000001,4,0.6000000000000001,0.4977777777777778,0.7629999999999999,0.7321739130434786,0,1,1,1,1
0,0,0,0.48,2,0.48,0.5822222222222222,0.5549999999999999,0.5252173913043476,1,0,0,0,1
1,0,0,0.52,4,0.52,0.3433333333333333,0.688,0.41434782608695686,1,1,0,0,0
0,0,0,0.31999999999999984,0,0.31999999999999984,0.5477777777777777,0.48700000000000004,0.47217391304347833,1,0,0,0,0
0,1,0,0.6000000000000001,2,0.6000000000000001,0.44111111111111106,0.5349999999999999,0.46782608695652206,0,0,1,1,0
1,1,0,0.52,4,0.52,0.4811111111111111,0.6659999999999999,0.6299999999999999,0,1,1,0,1
0,0,0,0.3599999999999999,4,0.3599999999999999,0.6577777777777778,0.467,0.5234782608695654,1,0,0,0,1
0,0,0,0.43999999999999995,2,0.43999999999999995,0.6477777777777778,0.54,0.502608695652174,0,0,0,1,0
0,1,1,0.3599999999999999,2,0.3599999999999999,0.6288888888888888,0.331,0.39391304347826095,1,0,1,0,1
1,1,1,0.48,4,0.48,0.6222222222222222,0.6399999999999999,0.5808695652173914,0,1,1,1,1
0,0,1,0.43999999999999995,2,0.43999999999999995,0.6611111111111112,0.6840000000000002,0.5152173913043478,1,0,0,0,0
1,1,0,0.56,4,0.56,0.6022222222222222,0.5,0.4213043478260867,0,1,1,0,1
1,1,1,0.7199999999999998,2,0.7199999999999998,0.31555555555555553,0.437,0.3734782608695655,0,1,1,1,0
0,1,1,0.52,4,0.52,0.35777777777777775,0.468,0.23000000000000043,0,0,1,1,0
1,0,0,0.31999999999999984,2,0.31999999999999984,0.45888888888888885,0.6970000000000001,0.7630434782608693,1,1,0,0,1
1,1,1,0.43999999999999995,4,0.43999999999999995,0.8633333333333333,0.47400000000000003,0.42391304347826075,0,1,1,1,1
0,0,0,0.43999999999999995,0,0.43999999999999995,0.8388888888888888,0.419,0.4504347826086956,0,0,0,1,1
0,1,1,0.7999999999999998,4,0.7999999999999998,0.14555555555555555,0.567,0.026956521739130768,0,0,1,1,1
1,0,0,0.43999999999999995,2,0.43999999999999995,0.5922222222222222,0.49000000000000005,0.4130434782608696,1,1,0,0,1
0,1,0,0.52,4,0.52,0.43888888888888894,0.4709999999999999,0.3365217391304345,0,0,1,1,1
1,1,1,0.6000000000000001,1,0.6000000000000001,0.22444444444444445,0.47000000000000003,0.4286956521739129,1,1,1,0,0
1,0,1,0.43999999999999995,4,0.43999999999999995,0.33555555555555555,0.4709999999999999,0.3752173913043477,1,1,0,0,0
0,0,1,0.52,2,0.52,0.35444444444444445,0.597,0.4160869565217391,0,0,0,1,0
0,1,0,0.8399999999999999,3,0.8399999999999999,0.4633333333333333,0.238,0.30304347826086975,0,0,1,1,0
1,1,0,0.52,2,0.52,0.7622222222222221,0.462,0.5256521739130435,0,1,1,1,1
0,0,0,0.48,2,0.48,0.5177777777777777,0.443,0.4147826086956523,0,0,0,1,0
0,0,0,0.3999999999999999,0,0.3999999999999999,0.5122222222222221,0.5149999999999999,0.5478260869565217,1,0,0,0,0
1,1,1,0.52,4,0.52,0.7755555555555556,0.71,0.5434782608695654,0,1,1,0,1
0,0,1,0.3999999999999999,1,0.3999999999999999,0.5122222222222221,0.558,0.2639130434782606,1,0,0,0,0
0,0,1,0.3999999999999999,4,0.3999999999999999,0.6622222222222223,0.38200000000000006,0.4986956521739132,1,0,0,0,1
1,0,0,0.6000000000000001,2,0.6000000000000001,0.6622222222222223,0.6059999999999999,0.8282608695652169,1,1,0,1,1
0,1,0,0.6000000000000001,4,0.6000000000000001,0.5477777777777777,0.427,0.37826086956521765,0,0,1,1,1
1,1,0,0.48,1,0.48,0.4033333333333334,0.5290000000000001,0.2804347826086957,1,1,1,0,0
1,1,0,0.48,2,0.48,0.37444444444444447,0.552,0.7121739130434781,1,1,1,1,1
1,0,0,0.43999999999999995,0,0.43999999999999995,0.5577777777777777,0.76,0.5491304347826085,1,1,0,0,1
1,1,1,0.6000000000000001,4,0.6000000000000001,0.3877777777777778,0.6859999999999999,0.6269565217391304,0,1,1,1,1
1,0,1,0.56,4,0.56,0.3688888888888889,0.6679999999999999,0.35521739130434815,1,1,0,0,0
1,1,1,0.6400000000000001,3,0.6400000000000001,0.25,0.4779999999999999,0.3886956521739129,0,1,1,0,0
1,0,0,0.6800000000000002,2,0.6800000000000002,0.5311111111111111,0.79,0.5917391304347825,1,1,0,0,1
1,0,0,0.31999999999999984,1,0.31999999999999984,0.45,0.16499999999999998,0.278695652173913,1,1,0,0,0
0,1,0,0.43999999999999995,3,0.43999999999999995,0.35333333333333333,0.24,0.3313043478260873,0,0,1,0,0
0,0,0,0.6000000000000001,2,0.6000000000000001,0.5622222222222222,0.704,0.6699999999999999,1,0,0,1,1
0,1,0,0.6400000000000001,4,0.6400000000000001,0.508888888888889,0.6479999999999999,0.5030434782608695,0,0,1,0,1
1,0,0,0.28,2,0.28,0.6144444444444443,0.623,0.6856521739130432,1,1,0,0,1
1,1,0,0.48,1,0.48,0.6033333333333333,0.412,0.3069565217391306,0,1,1,1,0
1,1,0,0.52,4,0.52,0.3811111111111111,0.447,0.42434782608695665,0,1,1,1,0
1,1,0,0.6800000000000002,4,0.6800000000000002,0.49222222222222217,0.734,0.45652173913043503,1,1,1,0,1
1,1,0,0.43999999999999995,3,0.43999999999999995,0.5511111111111111,0.09199999999999997,0.322173913043478,0,1,1,0,0
0,1,1,0.6000000000000001,2,0.6000000000000001,0.4511111111111111,0.581,0.44956521739130473,0,0,1,1,1
0,1,0,0.6400000000000001,1,0.6400000000000001,0.4222222222222222,0.5469999999999999,0.41695652173913045,0,0,1,1,1
1,1,0,0.6000000000000001,1,0.6000000000000001,0.6288888888888888,0.433,0.4026086956521744,0,1,1,1,0
1,1,1,0.6400000000000001,4,0.6400000000000001,0.2811111111111111,0.722,0.3834782608695648,1,1,1,0,0
1,1,1,0.43999999999999995,1,0.43999999999999995,0.4055555555555555,0.235,0.2686956521739132,0,1,1,1,0
1,0,0,0.48,2,0.48,0.2588888888888889,0.7,0.956521739130435,1,1,0,0,1
0,0,1,0.3999999999999999,4,0.3999999999999999,0.49222222222222217,0.7190000000000001,0.2643478260869565,1,0,0,0,1
0,1,1,0.56,2,0.56,0.41777777777777775,0.267,0.22521739130434826,0,0,1,1,1
1,0,0,0.56,1,0.56,0.2822222222222222,0.573,0.4404347826086954,1,1,0,1,0
1,1,1,0.56,4,0.56,0.22888888888888886,0.5070000000000001,0.28913043478260914,0,1,1,1,0
1,1,0,0.56,3,0.56,0.32222222222222224,0.4409999999999999,0.4217391304347826,0,1,1,0,0
1,1,0,0.7999999999999998,2,0.7999999999999998,0.18333333333333335,0.641,0.5047826086956522,1,1,1,0,0
1,1,1,0.48,4,0.48,0.2688888888888889,0.5449999999999999,0.502608695652174,0,1,1,1,0
1,1,0,0.48,4,0.48,0.1111111111111111,0.6000000000000001,0.39260869565217416,1,1,1,0,0
0,0,0,0.48,4,0.48,0.4611111111111111,0.78,0.41260869565217373,0,0,0,1,1
0,0,1,0.3999999999999999,2,0.3999999999999999,0.3788888888888889,0.5640000000000001,0.3430434782608698,1,0,0,0,0
1,1,1,0.48,1,0.48,0.1622222222222222,0.49400000000000005,0.316086956521739,0,1,1,0,0
1,1,1,0.6000000000000001,1,0.6000000000000001,0.4477777777777778,0.78,0.5269565217391308,0,1,1,1,1
0,0,0,0.6000000000000001,2,0.6000000000000001,0.4233333333333333,0.6840000000000002,0.8204347826086962,1,0,0,0,1
0,0,0,0.3599999999999999,0,0.3599999999999999,0.3411111111111111,0.427,0.3978260869565222,1,0,0,1,0
1,1,0,0.6000000000000001,1,0.6000000000000001,0.5155555555555555,0.37100000000000005,0.3439130434782607,0,1,1,1,0
1,1,1,0.48,2,0.48,0.4844444444444444,0.55,0.6017391304347828,1,1,1,1,1
0,0,0,0.43999999999999995,4,0.43999999999999995,0.4066666666666667,0.6340000000000001,0.2356521739130435,1,0,0,0,0
1,0,1,0.19999999999999996,4,0.19999999999999996,0.23222222222222222,0.49500000000000005,0.29260869565217407,1,1,0,0,0
0,1,0,0.6400000000000001,3,0.6400000000000001,0.528888888888889,0.6499999999999999,0.5078260869565221,0,0,1,1,1
1,1,1,0.6800000000000002,4,0.6800000000000002,0.6188888888888888,0.39999999999999997,0.5595652173913046,0,1,1,1,0
0,0,0,0.3999999999999999,4,0.3999999999999999,0.5222222222222221,0.5880000000000001,0.36304347826086936,0,0,0,1,0
1,0,1,0.3999999999999999,2,0.3999999999999999,0.6766666666666667,0.601,0.6443478260869564,1,1,0,0,1
0,1,1,0.48,2,0.48,0.35333333333333333,0.746,0.17869565217391292,0,0,1,1,1
0,0,1,0.43999999999999995,0,0.43999999999999995,0.6255555555555556,0.425,0.6791304347826088,1,0,0,0,1
1,1,0,0.52,2,0.52,0.5466666666666666,0.437,0.5443478260869563,1,1,1,0,1
1,0,0,0.6000000000000001,4,0.6000000000000001,0.8066666666666666,0.7109999999999999,0.5760869565217392,1,1,0,0,1
0,1,1,0.6800000000000002,4,0.6800000000000002,0.3955555555555556,0.659,0.37173913043478235,0,0,1,1,1
1,1,0,0.43999999999999995,2,0.43999999999999995,0.4577777777777778,0.44,0.7273913043478264,0,1,1,0,1
1,1,0,0.52,1,0.52,0.0,0.871,0.6643478260869564,0,1,1,0,1
1,1,0,0.52,4,0.52,0.5222222222222221,0.7809999999999999,0.6130434782608694,1,1,1,0,1
0,0,0,0.28,2,0.28,0.4577777777777778,0.6200000000000001,0.3086956521739128,1,0,0,0,0
1,1,0,0.6400000000000001,4,0.6400000000000001,0.31666666666666665,0.409,0.31869565217391305,1,1,1,0,0
1,1,1,0.43999999999999995,4,0.43999999999999995,0.6155555555555556,0.444,0.4773913043478264,0,1,1,1,1
1,1,1,0.6800000000000002,1,0.6800000000000002,0.42777777777777776,0.738,0.5152173913043478,0,1,1,1,1
1,0,1,0.48,1,0.48,0.4566666666666666,0.3479999999999999,0.4130434782608696,1,1,0,1,0
1,1,0,0.48,0,0.48,0.4644444444444445,0.5840000000000001,0.2634782608695656,1,1,1,0,1
1,1,0,0.43999999999999995,4,0.43999999999999995,0.5011111111111111,0.5680000000000001,0.45739130434782593,0,1,1,1,0
0,0,1,0.3599999999999999,4,0.3599999999999999,0.5966666666666667,0.5070000000000001,0.4478260869565216,1,0,0,1,1
0,0,0,0.31999999999999984,2,0.31999999999999984,0.6555555555555554,0.39599999999999996,0.4408695652173913,1,0,0,0,0
1,1,0,0.6800000000000002,3,0.6800000000000002,0.38555555555555554,0.37200000000000005,0.5299999999999998,0,1,1,1,0
0,0,1,0.52,1,0.52,0.6055555555555556,0.7070000000000001,0.5504347826086957,1,0,0,1,1
1,1,1,0.8399999999999999,1,0.8399999999999999,0.29777777777777775,0.409,0.24478260869565194,0,1,1,1,0
0,0,0,0.28,0,0.28,0.41,0.736,0.5739130434782611,1,0,0,0,0
1,1,1,0.56,1,0.56,0.7188888888888889,0.5859999999999999,0.49478260869565194,0,1,1,1,1
0,0,0,0.3599999999999999,4,0.3599999999999999,0.5555555555555556,0.5190000000000001,0.416521739130435,1,0,0,0,0
1,1,1,0.56,1,0.56,0.6111111111111112,0.7969999999999999,0.6343478260869566,0,1,1,1,1
1,0,1,0.43999999999999995,4,0.43999999999999995,0.6566666666666667,0.542,0.5160869565217392,1,1,0,0,1
1,1,1,0.52,1,0.52,0.30777777777777776,0.4509999999999999,0.4465217391304348,1,1,1,0,0
1,0,0,0.52,4,0.52,0.4444444444444445,0.308,0.4147826086956523,1,1,0,0,0
1,1,1,0.48,1,0.48,0.25222222222222224,0.45,0.44173913043478263,0,1,1,0,0
0,0,1,0.3599999999999999,4,0.3599999999999999,0.7133333333333334,0.436,0.4778260869565214,1,0,0,1,1
1,0,1,0.43999999999999995,1,0.43999999999999995,0.72,0.643,0.6400000000000001,1,1,0,0,1
0,1,0,0.3599999999999999,1,0.3599999999999999,0.5055555555555555,0.552,0.1982608695652175,0,0,1,1,1
1,0,0,0.52,2,0.52,0.5377777777777777,0.8580000000000001,0.5295652173913048,1,1,0,0,1
1,1,0,0.3999999999999999,3,0.3999999999999999,0.21555555555555556,0.49099999999999994,0.4839130434782608,1,1,1,0,0
